ply
format ascii 1.0
element vertex 3010
property float x
property float y
property float z
end_header
-0.4871794879436493 0.4871794879436493 0.025641025975346565
-0.4871794879436493 0.4871794879436493 0.07692307978868484
-0.4871794879436493 0.4871794879436493 0.12820513546466827
-0.4871794879436493 0.4871794879436493 0.1794871836900711
-0.4871794879436493 0.4871794879436493 0.23076923191547394
-0.4871794879436493 0.4871794879436493 0.28205129504203796
-0.4871794879436493 0.5384615659713745 -0.23076923191547394
-0.4871794879436493 0.5384615659713745 -0.1794871836900711
-0.4871794879436493 0.5384615659713745 -0.12820513546466827
-0.4871794879436493 0.5384615659713745 -0.07692307978868484
-0.4871794879436493 0.5384615659713745 -0.025641025975346565
-0.4871794879436493 0.5384615659713745 0.025641025975346565
-0.4871794879436493 0.5384615659713745 0.07692307978868484
-0.4871794879436493 0.5384615659713745 0.12820513546466827
-0.4871794879436493 0.5384615659713745 0.1794871836900711
-0.4871794879436493 0.5384615659713745 0.23076923191547394
-0.4871794879436493 0.5384615659713745 0.28205129504203796
-0.43589743971824646 0.38461539149284363 -0.025641025975346565
-0.43589743971824646 0.38461539149284363 0.025641025975346565
-0.43589743971824646 0.38461539149284363 0.07692307978868484
-0.43589743971824646 0.38461539149284363 0.12820513546466827
-0.43589743971824646 0.38461539149284363 0.1794871836900711
-0.43589743971824646 0.38461539149284363 0.23076923191547394
-0.43589743971824646 0.38461539149284363 0.28205129504203796
-0.43589743971824646 0.38461539149284363 0.3333333432674408
-0.43589743971824646 0.43589743971824646 -0.23076923191547394
-0.43589743971824646 0.43589743971824646 -0.1794871836900711
-0.43589743971824646 0.43589743971824646 -0.12820513546466827
-0.43589743971824646 0.43589743971824646 -0.07692307978868484
-0.43589743971824646 0.43589743971824646 -0.025641025975346565
-0.43589743971824646 0.43589743971824646 0.025641025975346565
-0.43589743971824646 0.43589743971824646 0.07692307978868484
-0.43589743971824646 0.43589743971824646 0.12820513546466827
-0.43589743971824646 0.43589743971824646 0.1794871836900711
-0.43589743971824646 0.43589743971824646 0.23076923191547394
-0.43589743971824646 0.43589743971824646 0.28205129504203796
-0.43589743971824646 0.43589743971824646 0.3333333432674408
-0.43589743971824646 0.43589743971824646 0.38461539149284363
-0.43589743971824646 0.43589743971824646 0.43589743971824646
-0.43589743971824646 0.4871794879436493 -0.43589743971824646
-0.43589743971824646 0.4871794879436493 -0.38461539149284363
-0.43589743971824646 0.4871794879436493 -0.3333333432674408
-0.43589743971824646 0.4871794879436493 -0.28205129504203796
-0.43589743971824646 0.4871794879436493 -0.23076923191547394
-0.43589743971824646 0.4871794879436493 -0.1794871836900711
-0.43589743971824646 0.4871794879436493 -0.12820513546466827
-0.43589743971824646 0.4871794879436493 -0.07692307978868484
-0.43589743971824646 0.4871794879436493 -0.025641025975346565
-0.43589743971824646 0.4871794879436493 0.025641025975346565
-0.43589743971824646 0.4871794879436493 0.07692307978868484
-0.43589743971824646 0.4871794879436493 0.12820513546466827
-0.43589743971824646 0.4871794879436493 0.1794871836900711
-0.43589743971824646 0.4871794879436493 0.23076923191547394
-0.43589743971824646 0.4871794879436493 0.28205129504203796
-0.43589743971824646 0.4871794879436493 0.3333333432674408
-0.43589743971824646 0.4871794879436493 0.38461539149284363
-0.43589743971824646 0.4871794879436493 0.43589743971824646
-0.43589743971824646 0.5384615659713745 -0.3333333432674408
-0.43589743971824646 0.5384615659713745 -0.28205129504203796
-0.43589743971824646 0.5384615659713745 -0.23076923191547394
-0.43589743971824646 0.5384615659713745 -0.1794871836900711
-0.43589743971824646 0.5384615659713745 -0.12820513546466827
-0.43589743971824646 0.5384615659713745 -0.07692307978868484
-0.43589743971824646 0.5384615659713745 -0.025641025975346565
-0.43589743971824646 0.5384615659713745 0.025641025975346565
-0.43589743971824646 0.5384615659713745 0.07692307978868484
-0.43589743971824646 0.5384615659713745 0.12820513546466827
-0.43589743971824646 0.5384615659713745 0.1794871836900711
-0.43589743971824646 0.5384615659713745 0.23076923191547394
-0.43589743971824646 0.5384615659713745 0.28205129504203796
-0.43589743971824646 0.5384615659713745 0.3333333432674408
-0.38461539149284363 0.28205129504203796 0.025641025975346565
-0.38461539149284363 0.28205129504203796 0.07692307978868484
-0.38461539149284363 0.28205129504203796 0.12820513546466827
-0.38461539149284363 0.28205129504203796 0.1794871836900711
-0.38461539149284363 0.28205129504203796 0.23076923191547394
-0.38461539149284363 0.28205129504203796 0.28205129504203796
-0.38461539149284363 0.28205129504203796 0.3333333432674408
-0.38461539149284363 0.3333333432674408 -0.28205129504203796
-0.38461539149284363 0.3333333432674408 -0.23076923191547394
-0.38461539149284363 0.3333333432674408 -0.1794871836900711
-0.38461539149284363 0.3333333432674408 -0.12820513546466827
-0.38461539149284363 0.3333333432674408 -0.07692307978868484
-0.38461539149284363 0.3333333432674408 -0.025641025975346565
-0.38461539149284363 0.3333333432674408 0.025641025975346565
-0.38461539149284363 0.3333333432674408 0.07692307978868484
-0.38461539149284363 0.3333333432674408 0.12820513546466827
-0.38461539149284363 0.3333333432674408 0.1794871836900711
-0.38461539149284363 0.3333333432674408 0.23076923191547394
-0.38461539149284363 0.3333333432674408 0.28205129504203796
-0.38461539149284363 0.3333333432674408 0.3333333432674408
-0.38461539149284363 0.3333333432674408 0.38461539149284363
-0.38461539149284363 0.38461539149284363 -0.38461539149284363
-0.38461539149284363 0.38461539149284363 -0.3333333432674408
-0.38461539149284363 0.38461539149284363 -0.28205129504203796
-0.38461539149284363 0.38461539149284363 -0.23076923191547394
-0.38461539149284363 0.38461539149284363 -0.1794871836900711
-0.38461539149284363 0.38461539149284363 -0.12820513546466827
-0.38461539149284363 0.38461539149284363 -0.07692307978868484
-0.38461539149284363 0.38461539149284363 -0.025641025975346565
-0.38461539149284363 0.38461539149284363 0.025641025975346565
-0.38461539149284363 0.38461539149284363 0.07692307978868484
-0.38461539149284363 0.38461539149284363 0.12820513546466827
-0.38461539149284363 0.38461539149284363 0.1794871836900711
-0.38461539149284363 0.38461539149284363 0.23076923191547394
-0.38461539149284363 0.38461539149284363 0.28205129504203796
-0.38461539149284363 0.38461539149284363 0.3333333432674408
-0.38461539149284363 0.38461539149284363 0.38461539149284363
-0.38461539149284363 0.43589743971824646 -0.38461539149284363
-0.38461539149284363 0.43589743971824646 -0.3333333432674408
-0.38461539149284363 0.43589743971824646 -0.28205129504203796
-0.38461539149284363 0.43589743971824646 -0.23076923191547394
-0.38461539149284363 0.43589743971824646 -0.1794871836900711
-0.38461539149284363 0.43589743971824646 -0.12820513546466827
-0.38461539149284363 0.43589743971824646 -0.07692307978868484
-0.38461539149284363 0.43589743971824646 -0.025641025975346565
-0.38461539149284363 0.43589743971824646 0.025641025975346565
-0.38461539149284363 0.43589743971824646 0.07692307978868484
-0.38461539149284363 0.43589743971824646 0.12820513546466827
-0.38461539149284363 0.43589743971824646 0.1794871836900711
-0.38461539149284363 0.43589743971824646 0.23076923191547394
-0.38461539149284363 0.43589743971824646 0.28205129504203796
-0.38461539149284363 0.43589743971824646 0.3333333432674408
-0.38461539149284363 0.43589743971824646 0.38461539149284363
-0.38461539149284363 0.43589743971824646 0.43589743971824646
-0.38461539149284363 0.4871794879436493 -0.43589743971824646
-0.38461539149284363 0.4871794879436493 -0.38461539149284363
-0.38461539149284363 0.4871794879436493 -0.3333333432674408
-0.38461539149284363 0.4871794879436493 -0.28205129504203796
-0.38461539149284363 0.4871794879436493 -0.23076923191547394
-0.38461539149284363 0.4871794879436493 -0.1794871836900711
-0.38461539149284363 0.4871794879436493 -0.12820513546466827
-0.38461539149284363 0.4871794879436493 -0.07692307978868484
-0.38461539149284363 0.4871794879436493 -0.025641025975346565
-0.38461539149284363 0.4871794879436493 0.025641025975346565
-0.38461539149284363 0.4871794879436493 0.07692307978868484
-0.38461539149284363 0.4871794879436493 0.12820513546466827
-0.38461539149284363 0.4871794879436493 0.1794871836900711
-0.38461539149284363 0.4871794879436493 0.23076923191547394
-0.38461539149284363 0.4871794879436493 0.28205129504203796
-0.38461539149284363 0.4871794879436493 0.3333333432674408
-0.38461539149284363 0.4871794879436493 0.38461539149284363
-0.38461539149284363 0.4871794879436493 0.43589743971824646
-0.38461539149284363 0.5384615659713745 -0.38461539149284363
-0.38461539149284363 0.5384615659713745 -0.3333333432674408
-0.38461539149284363 0.5384615659713745 -0.28205129504203796
-0.38461539149284363 0.5384615659713745 -0.23076923191547394
-0.38461539149284363 0.5384615659713745 -0.1794871836900711
-0.38461539149284363 0.5384615659713745 -0.12820513546466827
-0.38461539149284363 0.5384615659713745 -0.07692307978868484
-0.38461539149284363 0.5384615659713745 -0.025641025975346565
-0.38461539149284363 0.5384615659713745 0.025641025975346565
-0.38461539149284363 0.5384615659713745 0.07692307978868484
-0.38461539149284363 0.5384615659713745 0.12820513546466827
-0.38461539149284363 0.5384615659713745 0.1794871836900711
-0.38461539149284363 0.5384615659713745 0.23076923191547394
-0.38461539149284363 0.5384615659713745 0.28205129504203796
-0.38461539149284363 0.5384615659713745 0.3333333432674408
-0.38461539149284363 0.5384615659713745 0.38461539149284363
-0.3333333432674408 0.1794871836900711 -0.025641025975346565
-0.3333333432674408 0.1794871836900711 0.025641025975346565
-0.3333333432674408 0.1794871836900711 0.07692307978868484
-0.3333333432674408 0.1794871836900711 0.12820513546466827
-0.3333333432674408 0.1794871836900711 0.1794871836900711
-0.3333333432674408 0.1794871836900711 0.23076923191547394
-0.3333333432674408 0.1794871836900711 0.28205129504203796
-0.3333333432674408 0.23076923191547394 -0.23076923191547394
-0.3333333432674408 0.23076923191547394 -0.1794871836900711
-0.3333333432674408 0.23076923191547394 -0.12820513546466827
-0.3333333432674408 0.23076923191547394 -0.07692307978868484
-0.3333333432674408 0.23076923191547394 -0.025641025975346565
-0.3333333432674408 0.23076923191547394 0.025641025975346565
-0.3333333432674408 0.23076923191547394 0.07692307978868484
-0.3333333432674408 0.23076923191547394 0.12820513546466827
-0.3333333432674408 0.23076923191547394 0.1794871836900711
-0.3333333432674408 0.23076923191547394 0.23076923191547394
-0.3333333432674408 0.23076923191547394 0.28205129504203796
-0.3333333432674408 0.23076923191547394 0.3333333432674408
-0.3333333432674408 0.28205129504203796 -0.3333333432674408
-0.3333333432674408 0.28205129504203796 -0.28205129504203796
-0.3333333432674408 0.28205129504203796 -0.23076923191547394
-0.3333333432674408 0.28205129504203796 -0.1794871836900711
-0.3333333432674408 0.28205129504203796 -0.12820513546466827
-0.3333333432674408 0.28205129504203796 -0.07692307978868484
-0.3333333432674408 0.28205129504203796 -0.025641025975346565
-0.3333333432674408 0.28205129504203796 0.025641025975346565
-0.3333333432674408 0.28205129504203796 0.07692307978868484
-0.3333333432674408 0.28205129504203796 0.12820513546466827
-0.3333333432674408 0.28205129504203796 0.1794871836900711
-0.3333333432674408 0.28205129504203796 0.23076923191547394
-0.3333333432674408 0.28205129504203796 0.28205129504203796
-0.3333333432674408 0.28205129504203796 0.3333333432674408
-0.3333333432674408 0.3333333432674408 -0.3333333432674408
-0.3333333432674408 0.3333333432674408 -0.28205129504203796
-0.3333333432674408 0.3333333432674408 -0.23076923191547394
-0.3333333432674408 0.3333333432674408 -0.1794871836900711
-0.3333333432674408 0.3333333432674408 -0.12820513546466827
-0.3333333432674408 0.3333333432674408 -0.07692307978868484
-0.3333333432674408 0.3333333432674408 -0.025641025975346565
-0.3333333432674408 0.3333333432674408 0.025641025975346565
-0.3333333432674408 0.3333333432674408 0.07692307978868484
-0.3333333432674408 0.3333333432674408 0.12820513546466827
-0.3333333432674408 0.3333333432674408 0.1794871836900711
-0.3333333432674408 0.3333333432674408 0.23076923191547394
-0.3333333432674408 0.3333333432674408 0.28205129504203796
-0.3333333432674408 0.3333333432674408 0.3333333432674408
-0.3333333432674408 0.3333333432674408 0.38461539149284363
-0.3333333432674408 0.38461539149284363 -0.38461539149284363
-0.3333333432674408 0.38461539149284363 -0.3333333432674408
-0.3333333432674408 0.38461539149284363 -0.28205129504203796
-0.3333333432674408 0.38461539149284363 -0.23076923191547394
-0.3333333432674408 0.38461539149284363 -0.1794871836900711
-0.3333333432674408 0.38461539149284363 -0.12820513546466827
-0.3333333432674408 0.38461539149284363 -0.07692307978868484
-0.3333333432674408 0.38461539149284363 -0.025641025975346565
-0.3333333432674408 0.38461539149284363 0.025641025975346565
-0.3333333432674408 0.38461539149284363 0.07692307978868484
-0.3333333432674408 0.38461539149284363 0.12820513546466827
-0.3333333432674408 0.38461539149284363 0.1794871836900711
-0.3333333432674408 0.38461539149284363 0.23076923191547394
-0.3333333432674408 0.38461539149284363 0.28205129504203796
-0.3333333432674408 0.38461539149284363 0.3333333432674408
-0.3333333432674408 0.38461539149284363 0.38461539149284363
-0.3333333432674408 0.43589743971824646 -0.38461539149284363
-0.3333333432674408 0.43589743971824646 -0.3333333432674408
-0.3333333432674408 0.43589743971824646 -0.28205129504203796
-0.3333333432674408 0.43589743971824646 -0.23076923191547394
-0.3333333432674408 0.43589743971824646 -0.1794871836900711
-0.3333333432674408 0.43589743971824646 -0.12820513546466827
-0.3333333432674408 0.43589743971824646 -0.07692307978868484
-0.3333333432674408 0.43589743971824646 -0.025641025975346565
-0.3333333432674408 0.43589743971824646 0.025641025975346565
-0.3333333432674408 0.43589743971824646 0.07692307978868484
-0.3333333432674408 0.43589743971824646 0.12820513546466827
-0.3333333432674408 0.43589743971824646 0.1794871836900711
-0.3333333432674408 0.43589743971824646 0.23076923191547394
-0.3333333432674408 0.43589743971824646 0.28205129504203796
-0.3333333432674408 0.43589743971824646 0.3333333432674408
-0.3333333432674408 0.43589743971824646 0.38461539149284363
-0.3333333432674408 0.43589743971824646 0.43589743971824646
-0.3333333432674408 0.4871794879436493 -0.43589743971824646
-0.3333333432674408 0.4871794879436493 -0.38461539149284363
-0.3333333432674408 0.4871794879436493 -0.3333333432674408
-0.3333333432674408 0.4871794879436493 -0.28205129504203796
-0.3333333432674408 0.4871794879436493 -0.23076923191547394
-0.3333333432674408 0.4871794879436493 -0.1794871836900711
-0.3333333432674408 0.4871794879436493 -0.12820513546466827
-0.3333333432674408 0.4871794879436493 -0.07692307978868484
-0.3333333432674408 0.4871794879436493 -0.025641025975346565
-0.3333333432674408 0.4871794879436493 0.025641025975346565
-0.3333333432674408 0.4871794879436493 0.07692307978868484
-0.3333333432674408 0.4871794879436493 0.12820513546466827
-0.3333333432674408 0.4871794879436493 0.1794871836900711
-0.3333333432674408 0.4871794879436493 0.23076923191547394
-0.3333333432674408 0.4871794879436493 0.28205129504203796
-0.3333333432674408 0.4871794879436493 0.3333333432674408
-0.3333333432674408 0.4871794879436493 0.38461539149284363
-0.3333333432674408 0.4871794879436493 0.43589743971824646
-0.3333333432674408 0.5384615659713745 -0.43589743971824646
-0.3333333432674408 0.5384615659713745 -0.38461539149284363
-0.3333333432674408 0.5384615659713745 -0.3333333432674408
-0.3333333432674408 0.5384615659713745 -0.28205129504203796
-0.3333333432674408 0.5384615659713745 -0.23076923191547394
-0.3333333432674408 0.5384615659713745 -0.1794871836900711
-0.3333333432674408 0.5384615659713745 -0.12820513546466827
-0.3333333432674408 0.5384615659713745 -0.07692307978868484
-0.3333333432674408 0.5384615659713745 -0.025641025975346565
-0.3333333432674408 0.5384615659713745 0.025641025975346565
-0.3333333432674408 0.5384615659713745 0.07692307978868484
-0.3333333432674408 0.5384615659713745 0.12820513546466827
-0.3333333432674408 0.5384615659713745 0.1794871836900711
-0.3333333432674408 0.5384615659713745 0.23076923191547394
-0.3333333432674408 0.5384615659713745 0.28205129504203796
-0.3333333432674408 0.5384615659713745 0.3333333432674408
-0.3333333432674408 0.5384615659713745 0.38461539149284363
-0.3333333432674408 0.5384615659713745 0.43589743971824646
-0.3333333432674408 0.5897436141967773 -0.1794871836900711
-0.3333333432674408 0.5897436141967773 -0.12820513546466827
-0.3333333432674408 0.5897436141967773 -0.07692307978868484
-0.3333333432674408 0.5897436141967773 -0.025641025975346565
-0.3333333432674408 0.5897436141967773 0.025641025975346565
-0.3333333432674408 0.5897436141967773 0.07692307978868484
-0.3333333432674408 0.5897436141967773 0.12820513546466827
-0.3333333432674408 0.5897436141967773 0.1794871836900711
-0.28205129504203796 0.07692307978868484 0.025641025975346565
-0.28205129504203796 0.07692307978868484 0.07692307978868484
-0.28205129504203796 0.07692307978868484 0.12820513546466827
-0.28205129504203796 0.07692307978868484 0.1794871836900711
-0.28205129504203796 0.07692307978868484 0.23076923191547394
-0.28205129504203796 0.12820513546466827 -0.23076923191547394
-0.28205129504203796 0.12820513546466827 -0.1794871836900711
-0.28205129504203796 0.12820513546466827 -0.12820513546466827
-0.28205129504203796 0.12820513546466827 -0.07692307978868484
-0.28205129504203796 0.12820513546466827 -0.025641025975346565
-0.28205129504203796 0.12820513546466827 0.025641025975346565
-0.28205129504203796 0.12820513546466827 0.07692307978868484
-0.28205129504203796 0.12820513546466827 0.12820513546466827
-0.28205129504203796 0.12820513546466827 0.1794871836900711
-0.28205129504203796 0.12820513546466827 0.23076923191547394
-0.28205129504203796 0.12820513546466827 0.28205129504203796
-0.28205129504203796 0.1794871836900711 -0.28205129504203796
-0.28205129504203796 0.1794871836900711 -0.23076923191547394
-0.28205129504203796 0.1794871836900711 -0.1794871836900711
-0.28205129504203796 0.1794871836900711 -0.12820513546466827
-0.28205129504203796 0.1794871836900711 -0.07692307978868484
-0.28205129504203796 0.1794871836900711 -0.025641025975346565
-0.28205129504203796 0.1794871836900711 0.025641025975346565
-0.28205129504203796 0.1794871836900711 0.07692307978868484
-0.28205129504203796 0.1794871836900711 0.12820513546466827
-0.28205129504203796 0.1794871836900711 0.1794871836900711
-0.28205129504203796 0.1794871836900711 0.23076923191547394
-0.28205129504203796 0.1794871836900711 0.28205129504203796
-0.28205129504203796 0.23076923191547394 -0.3333333432674408
-0.28205129504203796 0.23076923191547394 -0.28205129504203796
-0.28205129504203796 0.23076923191547394 -0.23076923191547394
-0.28205129504203796 0.23076923191547394 -0.1794871836900711
-0.28205129504203796 0.23076923191547394 -0.12820513546466827
-0.28205129504203796 0.23076923191547394 -0.07692307978868484
-0.28205129504203796 0.23076923191547394 -0.025641025975346565
-0.28205129504203796 0.23076923191547394 0.025641025975346565
-0.28205129504203796 0.23076923191547394 0.07692307978868484
-0.28205129504203796 0.23076923191547394 0.12820513546466827
-0.28205129504203796 0.23076923191547394 0.1794871836900711
-0.28205129504203796 0.23076923191547394 0.23076923191547394
-0.28205129504203796 0.23076923191547394 0.28205129504203796
-0.28205129504203796 0.23076923191547394 0.3333333432674408
-0.28205129504203796 0.28205129504203796 -0.3333333432674408
-0.28205129504203796 0.28205129504203796 -0.28205129504203796
-0.28205129504203796 0.28205129504203796 -0.23076923191547394
-0.28205129504203796 0.28205129504203796 -0.1794871836900711
-0.28205129504203796 0.28205129504203796 -0.12820513546466827
-0.28205129504203796 0.28205129504203796 -0.07692307978868484
-0.28205129504203796 0.28205129504203796 -0.025641025975346565
-0.28205129504203796 0.28205129504203796 0.025641025975346565
-0.28205129504203796 0.28205129504203796 0.07692307978868484
-0.28205129504203796 0.28205129504203796 0.12820513546466827
-0.28205129504203796 0.28205129504203796 0.1794871836900711
-0.28205129504203796 0.28205129504203796 0.23076923191547394
-0.28205129504203796 0.28205129504203796 0.28205129504203796
-0.28205129504203796 0.28205129504203796 0.3333333432674408
-0.28205129504203796 0.3333333432674408 -0.38461539149284363
-0.28205129504203796 0.3333333432674408 -0.3333333432674408
-0.28205129504203796 0.3333333432674408 -0.28205129504203796
-0.28205129504203796 0.3333333432674408 -0.23076923191547394
-0.28205129504203796 0.3333333432674408 -0.1794871836900711
-0.28205129504203796 0.3333333432674408 -0.12820513546466827
-0.28205129504203796 0.3333333432674408 -0.07692307978868484
-0.28205129504203796 0.3333333432674408 -0.025641025975346565
-0.28205129504203796 0.3333333432674408 0.025641025975346565
-0.28205129504203796 0.3333333432674408 0.07692307978868484
-0.28205129504203796 0.3333333432674408 0.12820513546466827
-0.28205129504203796 0.3333333432674408 0.1794871836900711
-0.28205129504203796 0.3333333432674408 0.23076923191547394
-0.28205129504203796 0.3333333432674408 0.28205129504203796
-0.28205129504203796 0.3333333432674408 0.3333333432674408
-0.28205129504203796 0.3333333432674408 0.38461539149284363
-0.28205129504203796 0.38461539149284363 -0.38461539149284363
-0.28205129504203796 0.38461539149284363 -0.3333333432674408
-0.28205129504203796 0.38461539149284363 -0.28205129504203796
-0.28205129504203796 0.38461539149284363 -0.23076923191547394
-0.28205129504203796 0.38461539149284363 -0.1794871836900711
-0.28205129504203796 0.38461539149284363 -0.12820513546466827
-0.28205129504203796 0.38461539149284363 -0.07692307978868484
-0.28205129504203796 0.38461539149284363 -0.025641025975346565
-0.28205129504203796 0.38461539149284363 0.025641025975346565
-0.28205129504203796 0.38461539149284363 0.07692307978868484
-0.28205129504203796 0.38461539149284363 0.12820513546466827
-0.28205129504203796 0.38461539149284363 0.1794871836900711
-0.28205129504203796 0.38461539149284363 0.23076923191547394
-0.28205129504203796 0.38461539149284363 0.28205129504203796
-0.28205129504203796 0.38461539149284363 0.3333333432674408
-0.28205129504203796 0.38461539149284363 0.38461539149284363
-0.28205129504203796 0.43589743971824646 -0.43589743971824646
-0.28205129504203796 0.43589743971824646 -0.38461539149284363
-0.28205129504203796 0.43589743971824646 -0.3333333432674408
-0.28205129504203796 0.43589743971824646 -0.28205129504203796
-0.28205129504203796 0.43589743971824646 -0.23076923191547394
-0.28205129504203796 0.43589743971824646 -0.1794871836900711
-0.28205129504203796 0.43589743971824646 -0.12820513546466827
-0.28205129504203796 0.43589743971824646 -0.07692307978868484
-0.28205129504203796 0.43589743971824646 -0.025641025975346565
-0.28205129504203796 0.43589743971824646 0.025641025975346565
-0.28205129504203796 0.43589743971824646 0.07692307978868484
-0.28205129504203796 0.43589743971824646 0.12820513546466827
-0.28205129504203796 0.43589743971824646 0.1794871836900711
-0.28205129504203796 0.43589743971824646 0.23076923191547394
-0.28205129504203796 0.43589743971824646 0.28205129504203796
-0.28205129504203796 0.43589743971824646 0.3333333432674408
-0.28205129504203796 0.43589743971824646 0.38461539149284363
-0.28205129504203796 0.43589743971824646 0.43589743971824646
-0.28205129504203796 0.4871794879436493 -0.43589743971824646
-0.28205129504203796 0.4871794879436493 -0.38461539149284363
-0.28205129504203796 0.4871794879436493 -0.3333333432674408
-0.28205129504203796 0.4871794879436493 -0.28205129504203796
-0.28205129504203796 0.4871794879436493 -0.23076923191547394
-0.28205129504203796 0.4871794879436493 -0.1794871836900711
-0.28205129504203796 0.4871794879436493 -0.12820513546466827
-0.28205129504203796 0.4871794879436493 -0.07692307978868484
-0.28205129504203796 0.4871794879436493 -0.025641025975346565
-0.28205129504203796 0.4871794879436493 0.025641025975346565
-0.28205129504203796 0.4871794879436493 0.07692307978868484
-0.28205129504203796 0.4871794879436493 0.12820513546466827
-0.28205129504203796 0.4871794879436493 0.1794871836900711
-0.28205129504203796 0.4871794879436493 0.23076923191547394
-0.28205129504203796 0.4871794879436493 0.28205129504203796
-0.28205129504203796 0.4871794879436493 0.3333333432674408
-0.28205129504203796 0.4871794879436493 0.38461539149284363
-0.28205129504203796 0.4871794879436493 0.43589743971824646
-0.28205129504203796 0.5384615659713745 -0.4871794879436493
-0.28205129504203796 0.5384615659713745 -0.43589743971824646
-0.28205129504203796 0.5384615659713745 -0.38461539149284363
-0.28205129504203796 0.5384615659713745 -0.3333333432674408
-0.28205129504203796 0.5384615659713745 -0.28205129504203796
-0.28205129504203796 0.5384615659713745 -0.23076923191547394
-0.28205129504203796 0.5384615659713745 -0.1794871836900711
-0.28205129504203796 0.5384615659713745 -0.12820513546466827
-0.28205129504203796 0.5384615659713745 -0.07692307978868484
-0.28205129504203796 0.5384615659713745 -0.025641025975346565
-0.28205129504203796 0.5384615659713745 0.025641025975346565
-0.28205129504203796 0.5384615659713745 0.07692307978868484
-0.28205129504203796 0.5384615659713745 0.12820513546466827
-0.28205129504203796 0.5384615659713745 0.1794871836900711
-0.28205129504203796 0.5384615659713745 0.23076923191547394
-0.28205129504203796 0.5384615659713745 0.28205129504203796
-0.28205129504203796 0.5384615659713745 0.3333333432674408
-0.28205129504203796 0.5384615659713745 0.38461539149284363
-0.28205129504203796 0.5384615659713745 0.43589743971824646
-0.28205129504203796 0.5384615659713745 0.4871794879436493
-0.28205129504203796 0.5897436141967773 -0.23076923191547394
-0.28205129504203796 0.5897436141967773 -0.1794871836900711
-0.28205129504203796 0.5897436141967773 -0.12820513546466827
-0.28205129504203796 0.5897436141967773 -0.07692307978868484
-0.28205129504203796 0.5897436141967773 -0.025641025975346565
-0.28205129504203796 0.5897436141967773 0.025641025975346565
-0.28205129504203796 0.5897436141967773 0.07692307978868484
-0.28205129504203796 0.5897436141967773 0.12820513546466827
-0.28205129504203796 0.5897436141967773 0.1794871836900711
-0.28205129504203796 0.5897436141967773 0.23076923191547394
-0.23076923191547394 -0.025641025975346565 0.025641025975346565
-0.23076923191547394 -0.025641025975346565 0.07692307978868484
-0.23076923191547394 -0.025641025975346565 0.12820513546466827
-0.23076923191547394 -0.025641025975346565 0.1794871836900711
-0.23076923191547394 0.025641025975346565 -0.23076923191547394
-0.23076923191547394 0.025641025975346565 -0.1794871836900711
-0.23076923191547394 0.025641025975346565 -0.12820513546466827
-0.23076923191547394 0.025641025975346565 -0.07692307978868484
-0.23076923191547394 0.025641025975346565 -0.025641025975346565
-0.23076923191547394 0.025641025975346565 0.025641025975346565
-0.23076923191547394 0.025641025975346565 0.07692307978868484
-0.23076923191547394 0.025641025975346565 0.12820513546466827
-0.23076923191547394 0.025641025975346565 0.1794871836900711
-0.23076923191547394 0.025641025975346565 0.23076923191547394
-0.23076923191547394 0.07692307978868484 -0.23076923191547394
-0.23076923191547394 0.07692307978868484 -0.1794871836900711
-0.23076923191547394 0.07692307978868484 -0.12820513546466827
-0.23076923191547394 0.07692307978868484 -0.07692307978868484
-0.23076923191547394 0.07692307978868484 -0.025641025975346565
-0.23076923191547394 0.07692307978868484 0.025641025975346565
-0.23076923191547394 0.07692307978868484 0.07692307978868484
-0.23076923191547394 0.07692307978868484 0.12820513546466827
-0.23076923191547394 0.07692307978868484 0.1794871836900711
-0.23076923191547394 0.07692307978868484 0.23076923191547394
-0.23076923191547394 0.12820513546466827 -0.28205129504203796
-0.23076923191547394 0.12820513546466827 -0.23076923191547394
-0.23076923191547394 0.12820513546466827 -0.1794871836900711
-0.23076923191547394 0.12820513546466827 -0.12820513546466827
-0.23076923191547394 0.12820513546466827 -0.07692307978868484
-0.23076923191547394 0.12820513546466827 -0.025641025975346565
-0.23076923191547394 0.12820513546466827 0.025641025975346565
-0.23076923191547394 0.12820513546466827 0.07692307978868484
-0.23076923191547394 0.12820513546466827 0.12820513546466827
-0.23076923191547394 0.12820513546466827 0.1794871836900711
-0.23076923191547394 0.12820513546466827 0.23076923191547394
-0.23076923191547394 0.12820513546466827 0.28205129504203796
-0.23076923191547394 0.1794871836900711 -0.28205129504203796
-0.23076923191547394 0.1794871836900711 -0.23076923191547394
-0.23076923191547394 0.1794871836900711 -0.1794871836900711
-0.23076923191547394 0.1794871836900711 -0.12820513546466827
-0.23076923191547394 0.1794871836900711 -0.07692307978868484
-0.23076923191547394 0.1794871836900711 -0.025641025975346565
-0.23076923191547394 0.1794871836900711 0.025641025975346565
-0.23076923191547394 0.1794871836900711 0.07692307978868484
-0.23076923191547394 0.1794871836900711 0.12820513546466827
-0.23076923191547394 0.1794871836900711 0.1794871836900711
-0.23076923191547394 0.1794871836900711 0.23076923191547394
-0.23076923191547394 0.1794871836900711 0.28205129504203796
-0.23076923191547394 0.23076923191547394 -0.3333333432674408
-0.23076923191547394 0.23076923191547394 -0.28205129504203796
-0.23076923191547394 0.23076923191547394 -0.23076923191547394
-0.23076923191547394 0.23076923191547394 -0.1794871836900711
-0.23076923191547394 0.23076923191547394 -0.12820513546466827
-0.23076923191547394 0.23076923191547394 -0.07692307978868484
-0.23076923191547394 0.23076923191547394 -0.025641025975346565
-0.23076923191547394 0.23076923191547394 0.025641025975346565
-0.23076923191547394 0.23076923191547394 0.07692307978868484
-0.23076923191547394 0.23076923191547394 0.12820513546466827
-0.23076923191547394 0.23076923191547394 0.1794871836900711
-0.23076923191547394 0.23076923191547394 0.23076923191547394
-0.23076923191547394 0.23076923191547394 0.28205129504203796
-0.23076923191547394 0.23076923191547394 0.3333333432674408
-0.23076923191547394 0.28205129504203796 -0.3333333432674408
-0.23076923191547394 0.28205129504203796 -0.28205129504203796
-0.23076923191547394 0.28205129504203796 -0.23076923191547394
-0.23076923191547394 0.28205129504203796 -0.1794871836900711
-0.23076923191547394 0.28205129504203796 -0.12820513546466827
-0.23076923191547394 0.28205129504203796 -0.07692307978868484
-0.23076923191547394 0.28205129504203796 -0.025641025975346565
-0.23076923191547394 0.28205129504203796 0.025641025975346565
-0.23076923191547394 0.28205129504203796 0.07692307978868484
-0.23076923191547394 0.28205129504203796 0.12820513546466827
-0.23076923191547394 0.28205129504203796 0.1794871836900711
-0.23076923191547394 0.28205129504203796 0.23076923191547394
-0.23076923191547394 0.28205129504203796 0.28205129504203796
-0.23076923191547394 0.28205129504203796 0.3333333432674408
-0.23076923191547394 0.3333333432674408 -0.38461539149284363
-0.23076923191547394 0.3333333432674408 -0.3333333432674408
-0.23076923191547394 0.3333333432674408 -0.28205129504203796
-0.23076923191547394 0.3333333432674408 -0.23076923191547394
-0.23076923191547394 0.3333333432674408 -0.1794871836900711
-0.23076923191547394 0.3333333432674408 -0.12820513546466827
-0.23076923191547394 0.3333333432674408 -0.07692307978868484
-0.23076923191547394 0.3333333432674408 -0.025641025975346565
-0.23076923191547394 0.3333333432674408 0.025641025975346565
-0.23076923191547394 0.3333333432674408 0.07692307978868484
-0.23076923191547394 0.3333333432674408 0.12820513546466827
-0.23076923191547394 0.3333333432674408 0.1794871836900711
-0.23076923191547394 0.3333333432674408 0.23076923191547394
-0.23076923191547394 0.3333333432674408 0.28205129504203796
-0.23076923191547394 0.3333333432674408 0.3333333432674408
-0.23076923191547394 0.3333333432674408 0.38461539149284363
-0.23076923191547394 0.38461539149284363 -0.38461539149284363
-0.23076923191547394 0.38461539149284363 -0.3333333432674408
-0.23076923191547394 0.38461539149284363 -0.28205129504203796
-0.23076923191547394 0.38461539149284363 -0.23076923191547394
-0.23076923191547394 0.38461539149284363 -0.1794871836900711
-0.23076923191547394 0.38461539149284363 -0.12820513546466827
-0.23076923191547394 0.38461539149284363 -0.07692307978868484
-0.23076923191547394 0.38461539149284363 -0.025641025975346565
-0.23076923191547394 0.38461539149284363 0.025641025975346565
-0.23076923191547394 0.38461539149284363 0.07692307978868484
-0.23076923191547394 0.38461539149284363 0.12820513546466827
-0.23076923191547394 0.38461539149284363 0.1794871836900711
-0.23076923191547394 0.38461539149284363 0.23076923191547394
-0.23076923191547394 0.38461539149284363 0.28205129504203796
-0.23076923191547394 0.38461539149284363 0.3333333432674408
-0.23076923191547394 0.38461539149284363 0.38461539149284363
-0.23076923191547394 0.43589743971824646 -0.43589743971824646
-0.23076923191547394 0.43589743971824646 -0.38461539149284363
-0.23076923191547394 0.43589743971824646 -0.3333333432674408
-0.23076923191547394 0.43589743971824646 -0.28205129504203796
-0.23076923191547394 0.43589743971824646 -0.23076923191547394
-0.23076923191547394 0.43589743971824646 -0.1794871836900711
-0.23076923191547394 0.43589743971824646 -0.12820513546466827
-0.23076923191547394 0.43589743971824646 -0.07692307978868484
-0.23076923191547394 0.43589743971824646 -0.025641025975346565
-0.23076923191547394 0.43589743971824646 0.025641025975346565
-0.23076923191547394 0.43589743971824646 0.07692307978868484
-0.23076923191547394 0.43589743971824646 0.12820513546466827
-0.23076923191547394 0.43589743971824646 0.1794871836900711
-0.23076923191547394 0.43589743971824646 0.23076923191547394
-0.23076923191547394 0.43589743971824646 0.28205129504203796
-0.23076923191547394 0.43589743971824646 0.3333333432674408
-0.23076923191547394 0.43589743971824646 0.38461539149284363
-0.23076923191547394 0.43589743971824646 0.43589743971824646
-0.23076923191547394 0.4871794879436493 -0.43589743971824646
-0.23076923191547394 0.4871794879436493 -0.38461539149284363
-0.23076923191547394 0.4871794879436493 -0.3333333432674408
-0.23076923191547394 0.4871794879436493 -0.28205129504203796
-0.23076923191547394 0.4871794879436493 -0.23076923191547394
-0.23076923191547394 0.4871794879436493 -0.1794871836900711
-0.23076923191547394 0.4871794879436493 -0.12820513546466827
-0.23076923191547394 0.4871794879436493 -0.07692307978868484
-0.23076923191547394 0.4871794879436493 -0.025641025975346565
-0.23076923191547394 0.4871794879436493 0.025641025975346565
-0.23076923191547394 0.4871794879436493 0.07692307978868484
-0.23076923191547394 0.4871794879436493 0.12820513546466827
-0.23076923191547394 0.4871794879436493 0.1794871836900711
-0.23076923191547394 0.4871794879436493 0.23076923191547394
-0.23076923191547394 0.4871794879436493 0.28205129504203796
-0.23076923191547394 0.4871794879436493 0.3333333432674408
-0.23076923191547394 0.4871794879436493 0.38461539149284363
-0.23076923191547394 0.4871794879436493 0.43589743971824646
-0.23076923191547394 0.5384615659713745 -0.4871794879436493
-0.23076923191547394 0.5384615659713745 -0.43589743971824646
-0.23076923191547394 0.5384615659713745 -0.38461539149284363
-0.23076923191547394 0.5384615659713745 -0.3333333432674408
-0.23076923191547394 0.5384615659713745 -0.28205129504203796
-0.23076923191547394 0.5384615659713745 -0.23076923191547394
-0.23076923191547394 0.5384615659713745 -0.1794871836900711
-0.23076923191547394 0.5384615659713745 -0.12820513546466827
-0.23076923191547394 0.5384615659713745 -0.07692307978868484
-0.23076923191547394 0.5384615659713745 -0.025641025975346565
-0.23076923191547394 0.5384615659713745 0.025641025975346565
-0.23076923191547394 0.5384615659713745 0.07692307978868484
-0.23076923191547394 0.5384615659713745 0.12820513546466827
-0.23076923191547394 0.5384615659713745 0.1794871836900711
-0.23076923191547394 0.5384615659713745 0.23076923191547394
-0.23076923191547394 0.5384615659713745 0.28205129504203796
-0.23076923191547394 0.5384615659713745 0.3333333432674408
-0.23076923191547394 0.5384615659713745 0.38461539149284363
-0.23076923191547394 0.5384615659713745 0.43589743971824646
-0.23076923191547394 0.5384615659713745 0.4871794879436493
-0.23076923191547394 0.5897436141967773 -0.28205129504203796
-0.23076923191547394 0.5897436141967773 -0.23076923191547394
-0.23076923191547394 0.5897436141967773 -0.1794871836900711
-0.23076923191547394 0.5897436141967773 -0.12820513546466827
-0.23076923191547394 0.5897436141967773 -0.07692307978868484
-0.23076923191547394 0.5897436141967773 -0.025641025975346565
-0.23076923191547394 0.5897436141967773 0.025641025975346565
-0.23076923191547394 0.5897436141967773 0.07692307978868484
-0.23076923191547394 0.5897436141967773 0.12820513546466827
-0.23076923191547394 0.5897436141967773 0.1794871836900711
-0.23076923191547394 0.5897436141967773 0.23076923191547394
-0.23076923191547394 0.5897436141967773 0.28205129504203796
-0.1794871836900711 -0.12820513546466827 0.025641025975346565
-0.1794871836900711 -0.12820513546466827 0.07692307978868484
-0.1794871836900711 -0.12820513546466827 0.12820513546466827
-0.1794871836900711 -0.12820513546466827 0.1794871836900711
-0.1794871836900711 -0.07692307978868484 -0.1794871836900711
-0.1794871836900711 -0.07692307978868484 -0.12820513546466827
-0.1794871836900711 -0.07692307978868484 -0.07692307978868484
-0.1794871836900711 -0.07692307978868484 -0.025641025975346565
-0.1794871836900711 -0.07692307978868484 0.025641025975346565
-0.1794871836900711 -0.07692307978868484 0.07692307978868484
-0.1794871836900711 -0.07692307978868484 0.12820513546466827
-0.1794871836900711 -0.07692307978868484 0.1794871836900711
-0.1794871836900711 -0.025641025975346565 -0.1794871836900711
-0.1794871836900711 -0.025641025975346565 -0.12820513546466827
-0.1794871836900711 -0.025641025975346565 -0.07692307978868484
-0.1794871836900711 -0.025641025975346565 -0.025641025975346565
-0.1794871836900711 -0.025641025975346565 0.025641025975346565
-0.1794871836900711 -0.025641025975346565 0.07692307978868484
-0.1794871836900711 -0.025641025975346565 0.12820513546466827
-0.1794871836900711 -0.025641025975346565 0.1794871836900711
-0.1794871836900711 -0.025641025975346565 0.23076923191547394
-0.1794871836900711 0.025641025975346565 -0.23076923191547394
-0.1794871836900711 0.025641025975346565 -0.1794871836900711
-0.1794871836900711 0.025641025975346565 -0.12820513546466827
-0.1794871836900711 0.025641025975346565 -0.07692307978868484
-0.1794871836900711 0.025641025975346565 -0.025641025975346565
-0.1794871836900711 0.025641025975346565 0.025641025975346565
-0.1794871836900711 0.025641025975346565 0.07692307978868484
-0.1794871836900711 0.025641025975346565 0.12820513546466827
-0.1794871836900711 0.025641025975346565 0.1794871836900711
-0.1794871836900711 0.025641025975346565 0.23076923191547394
-0.1794871836900711 0.07692307978868484 -0.23076923191547394
-0.1794871836900711 0.07692307978868484 -0.1794871836900711
-0.1794871836900711 0.07692307978868484 -0.12820513546466827
-0.1794871836900711 0.07692307978868484 -0.07692307978868484
-0.1794871836900711 0.07692307978868484 -0.025641025975346565
-0.1794871836900711 0.07692307978868484 0.025641025975346565
-0.1794871836900711 0.07692307978868484 0.07692307978868484
-0.1794871836900711 0.07692307978868484 0.12820513546466827
-0.1794871836900711 0.07692307978868484 0.1794871836900711
-0.1794871836900711 0.07692307978868484 0.23076923191547394
-0.1794871836900711 0.07692307978868484 0.28205129504203796
-0.1794871836900711 0.12820513546466827 -0.28205129504203796
-0.1794871836900711 0.12820513546466827 -0.23076923191547394
-0.1794871836900711 0.12820513546466827 -0.1794871836900711
-0.1794871836900711 0.12820513546466827 -0.12820513546466827
-0.1794871836900711 0.12820513546466827 -0.07692307978868484
-0.1794871836900711 0.12820513546466827 -0.025641025975346565
-0.1794871836900711 0.12820513546466827 0.025641025975346565
-0.1794871836900711 0.12820513546466827 0.07692307978868484
-0.1794871836900711 0.12820513546466827 0.12820513546466827
-0.1794871836900711 0.12820513546466827 0.1794871836900711
-0.1794871836900711 0.12820513546466827 0.23076923191547394
-0.1794871836900711 0.12820513546466827 0.28205129504203796
-0.1794871836900711 0.1794871836900711 -0.28205129504203796
-0.1794871836900711 0.1794871836900711 -0.23076923191547394
-0.1794871836900711 0.1794871836900711 -0.1794871836900711
-0.1794871836900711 0.1794871836900711 -0.12820513546466827
-0.1794871836900711 0.1794871836900711 -0.07692307978868484
-0.1794871836900711 0.1794871836900711 -0.025641025975346565
-0.1794871836900711 0.1794871836900711 0.025641025975346565
-0.1794871836900711 0.1794871836900711 0.07692307978868484
-0.1794871836900711 0.1794871836900711 0.12820513546466827
-0.1794871836900711 0.1794871836900711 0.1794871836900711
-0.1794871836900711 0.1794871836900711 0.23076923191547394
-0.1794871836900711 0.1794871836900711 0.28205129504203796
-0.1794871836900711 0.1794871836900711 0.3333333432674408
-0.1794871836900711 0.23076923191547394 -0.3333333432674408
-0.1794871836900711 0.23076923191547394 -0.28205129504203796
-0.1794871836900711 0.23076923191547394 -0.23076923191547394
-0.1794871836900711 0.23076923191547394 -0.1794871836900711
-0.1794871836900711 0.23076923191547394 -0.12820513546466827
-0.1794871836900711 0.23076923191547394 -0.07692307978868484
-0.1794871836900711 0.23076923191547394 -0.025641025975346565
-0.1794871836900711 0.23076923191547394 0.025641025975346565
-0.1794871836900711 0.23076923191547394 0.07692307978868484
-0.1794871836900711 0.23076923191547394 0.12820513546466827
-0.1794871836900711 0.23076923191547394 0.1794871836900711
-0.1794871836900711 0.23076923191547394 0.23076923191547394
-0.1794871836900711 0.23076923191547394 0.28205129504203796
-0.1794871836900711 0.23076923191547394 0.3333333432674408
-0.1794871836900711 0.28205129504203796 -0.3333333432674408
-0.1794871836900711 0.28205129504203796 -0.28205129504203796
-0.1794871836900711 0.28205129504203796 -0.23076923191547394
-0.1794871836900711 0.28205129504203796 -0.1794871836900711
-0.1794871836900711 0.28205129504203796 -0.12820513546466827
-0.1794871836900711 0.28205129504203796 -0.07692307978868484
-0.1794871836900711 0.28205129504203796 -0.025641025975346565
-0.1794871836900711 0.28205129504203796 0.025641025975346565
-0.1794871836900711 0.28205129504203796 0.07692307978868484
-0.1794871836900711 0.28205129504203796 0.12820513546466827
-0.1794871836900711 0.28205129504203796 0.1794871836900711
-0.1794871836900711 0.28205129504203796 0.23076923191547394
-0.1794871836900711 0.28205129504203796 0.28205129504203796
-0.1794871836900711 0.28205129504203796 0.3333333432674408
-0.1794871836900711 0.28205129504203796 0.38461539149284363
-0.1794871836900711 0.3333333432674408 -0.38461539149284363
-0.1794871836900711 0.3333333432674408 -0.3333333432674408
-0.1794871836900711 0.3333333432674408 -0.28205129504203796
-0.1794871836900711 0.3333333432674408 -0.23076923191547394
-0.1794871836900711 0.3333333432674408 -0.1794871836900711
-0.1794871836900711 0.3333333432674408 -0.12820513546466827
-0.1794871836900711 0.3333333432674408 -0.07692307978868484
-0.1794871836900711 0.3333333432674408 -0.025641025975346565
-0.1794871836900711 0.3333333432674408 0.025641025975346565
-0.1794871836900711 0.3333333432674408 0.07692307978868484
-0.1794871836900711 0.3333333432674408 0.12820513546466827
-0.1794871836900711 0.3333333432674408 0.1794871836900711
-0.1794871836900711 0.3333333432674408 0.23076923191547394
-0.1794871836900711 0.3333333432674408 0.28205129504203796
-0.1794871836900711 0.3333333432674408 0.3333333432674408
-0.1794871836900711 0.3333333432674408 0.38461539149284363
-0.1794871836900711 0.38461539149284363 -0.38461539149284363
-0.1794871836900711 0.38461539149284363 -0.3333333432674408
-0.1794871836900711 0.38461539149284363 -0.28205129504203796
-0.1794871836900711 0.38461539149284363 -0.23076923191547394
-0.1794871836900711 0.38461539149284363 -0.1794871836900711
-0.1794871836900711 0.38461539149284363 -0.12820513546466827
-0.1794871836900711 0.38461539149284363 -0.07692307978868484
-0.1794871836900711 0.38461539149284363 -0.025641025975346565
-0.1794871836900711 0.38461539149284363 0.025641025975346565
-0.1794871836900711 0.38461539149284363 0.07692307978868484
-0.1794871836900711 0.38461539149284363 0.12820513546466827
-0.1794871836900711 0.38461539149284363 0.1794871836900711
-0.1794871836900711 0.38461539149284363 0.23076923191547394
-0.1794871836900711 0.38461539149284363 0.28205129504203796
-0.1794871836900711 0.38461539149284363 0.3333333432674408
-0.1794871836900711 0.38461539149284363 0.38461539149284363
-0.1794871836900711 0.38461539149284363 0.43589743971824646
-0.1794871836900711 0.43589743971824646 -0.43589743971824646
-0.1794871836900711 0.43589743971824646 -0.38461539149284363
-0.1794871836900711 0.43589743971824646 -0.3333333432674408
-0.1794871836900711 0.43589743971824646 -0.28205129504203796
-0.1794871836900711 0.43589743971824646 -0.23076923191547394
-0.1794871836900711 0.43589743971824646 -0.1794871836900711
-0.1794871836900711 0.43589743971824646 -0.12820513546466827
-0.1794871836900711 0.43589743971824646 -0.07692307978868484
-0.1794871836900711 0.43589743971824646 -0.025641025975346565
-0.1794871836900711 0.43589743971824646 0.025641025975346565
-0.1794871836900711 0.43589743971824646 0.07692307978868484
-0.1794871836900711 0.43589743971824646 0.12820513546466827
-0.1794871836900711 0.43589743971824646 0.1794871836900711
-0.1794871836900711 0.43589743971824646 0.23076923191547394
-0.1794871836900711 0.43589743971824646 0.28205129504203796
-0.1794871836900711 0.43589743971824646 0.3333333432674408
-0.1794871836900711 0.43589743971824646 0.38461539149284363
-0.1794871836900711 0.43589743971824646 0.43589743971824646
-0.1794871836900711 0.4871794879436493 -0.43589743971824646
-0.1794871836900711 0.4871794879436493 -0.38461539149284363
-0.1794871836900711 0.4871794879436493 -0.3333333432674408
-0.1794871836900711 0.4871794879436493 -0.28205129504203796
-0.1794871836900711 0.4871794879436493 -0.23076923191547394
-0.1794871836900711 0.4871794879436493 -0.1794871836900711
-0.1794871836900711 0.4871794879436493 -0.12820513546466827
-0.1794871836900711 0.4871794879436493 -0.07692307978868484
-0.1794871836900711 0.4871794879436493 -0.025641025975346565
-0.1794871836900711 0.4871794879436493 0.025641025975346565
-0.1794871836900711 0.4871794879436493 0.07692307978868484
-0.1794871836900711 0.4871794879436493 0.12820513546466827
-0.1794871836900711 0.4871794879436493 0.1794871836900711
-0.1794871836900711 0.4871794879436493 0.23076923191547394
-0.1794871836900711 0.4871794879436493 0.28205129504203796
-0.1794871836900711 0.4871794879436493 0.3333333432674408
-0.1794871836900711 0.4871794879436493 0.38461539149284363
-0.1794871836900711 0.4871794879436493 0.43589743971824646
-0.1794871836900711 0.4871794879436493 0.4871794879436493
-0.1794871836900711 0.5384615659713745 -0.4871794879436493
-0.1794871836900711 0.5384615659713745 -0.43589743971824646
-0.1794871836900711 0.5384615659713745 -0.38461539149284363
-0.1794871836900711 0.5384615659713745 -0.3333333432674408
-0.1794871836900711 0.5384615659713745 -0.28205129504203796
-0.1794871836900711 0.5384615659713745 -0.23076923191547394
-0.1794871836900711 0.5384615659713745 -0.1794871836900711
-0.1794871836900711 0.5384615659713745 -0.12820513546466827
-0.1794871836900711 0.5384615659713745 -0.07692307978868484
-0.1794871836900711 0.5384615659713745 -0.025641025975346565
-0.1794871836900711 0.5384615659713745 0.025641025975346565
-0.1794871836900711 0.5384615659713745 0.07692307978868484
-0.1794871836900711 0.5384615659713745 0.12820513546466827
-0.1794871836900711 0.5384615659713745 0.1794871836900711
-0.1794871836900711 0.5384615659713745 0.23076923191547394
-0.1794871836900711 0.5384615659713745 0.28205129504203796
-0.1794871836900711 0.5384615659713745 0.3333333432674408
-0.1794871836900711 0.5384615659713745 0.38461539149284363
-0.1794871836900711 0.5384615659713745 0.43589743971824646
-0.1794871836900711 0.5384615659713745 0.4871794879436493
-0.1794871836900711 0.5897436141967773 -0.3333333432674408
-0.1794871836900711 0.5897436141967773 -0.28205129504203796
-0.1794871836900711 0.5897436141967773 -0.23076923191547394
-0.1794871836900711 0.5897436141967773 -0.1794871836900711
-0.1794871836900711 0.5897436141967773 -0.12820513546466827
-0.1794871836900711 0.5897436141967773 -0.07692307978868484
-0.1794871836900711 0.5897436141967773 -0.025641025975346565
-0.1794871836900711 0.5897436141967773 0.025641025975346565
-0.1794871836900711 0.5897436141967773 0.07692307978868484
-0.1794871836900711 0.5897436141967773 0.12820513546466827
-0.1794871836900711 0.5897436141967773 0.1794871836900711
-0.1794871836900711 0.5897436141967773 0.23076923191547394
-0.1794871836900711 0.5897436141967773 0.28205129504203796
-0.1794871836900711 0.5897436141967773 0.3333333432674408
-0.1794871836900711 0.6410256624221802 -0.025641025975346565
-0.1794871836900711 0.6410256624221802 0.025641025975346565
-0.12820513546466827 -0.23076923191547394 0.025641025975346565
-0.12820513546466827 -0.23076923191547394 0.07692307978868484
-0.12820513546466827 -0.23076923191547394 0.12820513546466827
-0.12820513546466827 -0.1794871836900711 -0.12820513546466827
-0.12820513546466827 -0.1794871836900711 -0.07692307978868484
-0.12820513546466827 -0.1794871836900711 -0.025641025975346565
-0.12820513546466827 -0.1794871836900711 0.025641025975346565
-0.12820513546466827 -0.1794871836900711 0.07692307978868484
-0.12820513546466827 -0.1794871836900711 0.12820513546466827
-0.12820513546466827 -0.12820513546466827 -0.12820513546466827
-0.12820513546466827 -0.12820513546466827 -0.07692307978868484
-0.12820513546466827 -0.12820513546466827 -0.025641025975346565
-0.12820513546466827 -0.12820513546466827 0.025641025975346565
-0.12820513546466827 -0.12820513546466827 0.07692307978868484
-0.12820513546466827 -0.12820513546466827 0.12820513546466827
-0.12820513546466827 -0.12820513546466827 0.1794871836900711
-0.12820513546466827 -0.07692307978868484 -0.1794871836900711
-0.12820513546466827 -0.07692307978868484 -0.12820513546466827
-0.12820513546466827 -0.07692307978868484 -0.07692307978868484
-0.12820513546466827 -0.07692307978868484 -0.025641025975346565
-0.12820513546466827 -0.07692307978868484 0.025641025975346565
-0.12820513546466827 -0.07692307978868484 0.07692307978868484
-0.12820513546466827 -0.07692307978868484 0.12820513546466827
-0.12820513546466827 -0.07692307978868484 0.1794871836900711
-0.12820513546466827 -0.025641025975346565 -0.1794871836900711
-0.12820513546466827 -0.025641025975346565 -0.12820513546466827
-0.12820513546466827 -0.025641025975346565 -0.07692307978868484
-0.12820513546466827 -0.025641025975346565 -0.025641025975346565
-0.12820513546466827 -0.025641025975346565 0.025641025975346565
-0.12820513546466827 -0.025641025975346565 0.07692307978868484
-0.12820513546466827 -0.025641025975346565 0.12820513546466827
-0.12820513546466827 -0.025641025975346565 0.1794871836900711
-0.12820513546466827 -0.025641025975346565 0.23076923191547394
-0.12820513546466827 0.025641025975346565 -0.23076923191547394
-0.12820513546466827 0.025641025975346565 -0.1794871836900711
-0.12820513546466827 0.025641025975346565 -0.12820513546466827
-0.12820513546466827 0.025641025975346565 -0.07692307978868484
-0.12820513546466827 0.025641025975346565 -0.025641025975346565
-0.12820513546466827 0.025641025975346565 0.025641025975346565
-0.12820513546466827 0.025641025975346565 0.07692307978868484
-0.12820513546466827 0.025641025975346565 0.12820513546466827
-0.12820513546466827 0.025641025975346565 0.1794871836900711
-0.12820513546466827 0.025641025975346565 0.23076923191547394
-0.12820513546466827 0.07692307978868484 -0.23076923191547394
-0.12820513546466827 0.07692307978868484 -0.1794871836900711
-0.12820513546466827 0.07692307978868484 -0.12820513546466827
-0.12820513546466827 0.07692307978868484 -0.07692307978868484
-0.12820513546466827 0.07692307978868484 -0.025641025975346565
-0.12820513546466827 0.07692307978868484 0.025641025975346565
-0.12820513546466827 0.07692307978868484 0.07692307978868484
-0.12820513546466827 0.07692307978868484 0.12820513546466827
-0.12820513546466827 0.07692307978868484 0.1794871836900711
-0.12820513546466827 0.07692307978868484 0.23076923191547394
-0.12820513546466827 0.07692307978868484 0.28205129504203796
-0.12820513546466827 0.12820513546466827 -0.28205129504203796
-0.12820513546466827 0.12820513546466827 -0.23076923191547394
-0.12820513546466827 0.12820513546466827 -0.1794871836900711
-0.12820513546466827 0.12820513546466827 -0.12820513546466827
-0.12820513546466827 0.12820513546466827 -0.07692307978868484
-0.12820513546466827 0.12820513546466827 -0.025641025975346565
-0.12820513546466827 0.12820513546466827 0.025641025975346565
-0.12820513546466827 0.12820513546466827 0.07692307978868484
-0.12820513546466827 0.12820513546466827 0.12820513546466827
-0.12820513546466827 0.12820513546466827 0.1794871836900711
-0.12820513546466827 0.12820513546466827 0.23076923191547394
-0.12820513546466827 0.12820513546466827 0.28205129504203796
-0.12820513546466827 0.1794871836900711 -0.28205129504203796
-0.12820513546466827 0.1794871836900711 -0.23076923191547394
-0.12820513546466827 0.1794871836900711 -0.1794871836900711
-0.12820513546466827 0.1794871836900711 -0.12820513546466827
-0.12820513546466827 0.1794871836900711 -0.07692307978868484
-0.12820513546466827 0.1794871836900711 -0.025641025975346565
-0.12820513546466827 0.1794871836900711 0.025641025975346565
-0.12820513546466827 0.1794871836900711 0.07692307978868484
-0.12820513546466827 0.1794871836900711 0.12820513546466827
-0.12820513546466827 0.1794871836900711 0.1794871836900711
-0.12820513546466827 0.1794871836900711 0.23076923191547394
-0.12820513546466827 0.1794871836900711 0.28205129504203796
-0.12820513546466827 0.1794871836900711 0.3333333432674408
-0.12820513546466827 0.23076923191547394 -0.3333333432674408
-0.12820513546466827 0.23076923191547394 -0.28205129504203796
-0.12820513546466827 0.23076923191547394 -0.23076923191547394
-0.12820513546466827 0.23076923191547394 -0.1794871836900711
-0.12820513546466827 0.23076923191547394 -0.12820513546466827
-0.12820513546466827 0.23076923191547394 -0.07692307978868484
-0.12820513546466827 0.23076923191547394 -0.025641025975346565
-0.12820513546466827 0.23076923191547394 0.025641025975346565
-0.12820513546466827 0.23076923191547394 0.07692307978868484
-0.12820513546466827 0.23076923191547394 0.12820513546466827
-0.12820513546466827 0.23076923191547394 0.1794871836900711
-0.12820513546466827 0.23076923191547394 0.23076923191547394
-0.12820513546466827 0.23076923191547394 0.28205129504203796
-0.12820513546466827 0.23076923191547394 0.3333333432674408
-0.12820513546466827 0.28205129504203796 -0.3333333432674408
-0.12820513546466827 0.28205129504203796 -0.28205129504203796
-0.12820513546466827 0.28205129504203796 -0.23076923191547394
-0.12820513546466827 0.28205129504203796 -0.1794871836900711
-0.12820513546466827 0.28205129504203796 -0.12820513546466827
-0.12820513546466827 0.28205129504203796 -0.07692307978868484
-0.12820513546466827 0.28205129504203796 -0.025641025975346565
-0.12820513546466827 0.28205129504203796 0.025641025975346565
-0.12820513546466827 0.28205129504203796 0.07692307978868484
-0.12820513546466827 0.28205129504203796 0.12820513546466827
-0.12820513546466827 0.28205129504203796 0.1794871836900711
-0.12820513546466827 0.28205129504203796 0.23076923191547394
-0.12820513546466827 0.28205129504203796 0.28205129504203796
-0.12820513546466827 0.28205129504203796 0.3333333432674408
-0.12820513546466827 0.28205129504203796 0.38461539149284363
-0.12820513546466827 0.3333333432674408 -0.38461539149284363
-0.12820513546466827 0.3333333432674408 -0.3333333432674408
-0.12820513546466827 0.3333333432674408 -0.28205129504203796
-0.12820513546466827 0.3333333432674408 -0.23076923191547394
-0.12820513546466827 0.3333333432674408 -0.1794871836900711
-0.12820513546466827 0.3333333432674408 -0.12820513546466827
-0.12820513546466827 0.3333333432674408 -0.07692307978868484
-0.12820513546466827 0.3333333432674408 -0.025641025975346565
-0.12820513546466827 0.3333333432674408 0.025641025975346565
-0.12820513546466827 0.3333333432674408 0.07692307978868484
-0.12820513546466827 0.3333333432674408 0.12820513546466827
-0.12820513546466827 0.3333333432674408 0.1794871836900711
-0.12820513546466827 0.3333333432674408 0.23076923191547394
-0.12820513546466827 0.3333333432674408 0.28205129504203796
-0.12820513546466827 0.3333333432674408 0.3333333432674408
-0.12820513546466827 0.3333333432674408 0.38461539149284363
-0.12820513546466827 0.38461539149284363 -0.38461539149284363
-0.12820513546466827 0.38461539149284363 -0.3333333432674408
-0.12820513546466827 0.38461539149284363 -0.28205129504203796
-0.12820513546466827 0.38461539149284363 -0.23076923191547394
-0.12820513546466827 0.38461539149284363 -0.1794871836900711
-0.12820513546466827 0.38461539149284363 -0.12820513546466827
-0.12820513546466827 0.38461539149284363 -0.07692307978868484
-0.12820513546466827 0.38461539149284363 -0.025641025975346565
-0.12820513546466827 0.38461539149284363 0.025641025975346565
-0.12820513546466827 0.38461539149284363 0.07692307978868484
-0.12820513546466827 0.38461539149284363 0.12820513546466827
-0.12820513546466827 0.38461539149284363 0.1794871836900711
-0.12820513546466827 0.38461539149284363 0.23076923191547394
-0.12820513546466827 0.38461539149284363 0.28205129504203796
-0.12820513546466827 0.38461539149284363 0.3333333432674408
-0.12820513546466827 0.38461539149284363 0.38461539149284363
-0.12820513546466827 0.38461539149284363 0.43589743971824646
-0.12820513546466827 0.43589743971824646 -0.43589743971824646
-0.12820513546466827 0.43589743971824646 -0.38461539149284363
-0.12820513546466827 0.43589743971824646 -0.3333333432674408
-0.12820513546466827 0.43589743971824646 -0.28205129504203796
-0.12820513546466827 0.43589743971824646 -0.23076923191547394
-0.12820513546466827 0.43589743971824646 -0.1794871836900711
-0.12820513546466827 0.43589743971824646 -0.12820513546466827
-0.12820513546466827 0.43589743971824646 -0.07692307978868484
-0.12820513546466827 0.43589743971824646 -0.025641025975346565
-0.12820513546466827 0.43589743971824646 0.025641025975346565
-0.12820513546466827 0.43589743971824646 0.07692307978868484
-0.12820513546466827 0.43589743971824646 0.12820513546466827
-0.12820513546466827 0.43589743971824646 0.1794871836900711
-0.12820513546466827 0.43589743971824646 0.23076923191547394
-0.12820513546466827 0.43589743971824646 0.28205129504203796
-0.12820513546466827 0.43589743971824646 0.3333333432674408
-0.12820513546466827 0.43589743971824646 0.38461539149284363
-0.12820513546466827 0.43589743971824646 0.43589743971824646
-0.12820513546466827 0.4871794879436493 -0.43589743971824646
-0.12820513546466827 0.4871794879436493 -0.38461539149284363
-0.12820513546466827 0.4871794879436493 -0.3333333432674408
-0.12820513546466827 0.4871794879436493 -0.28205129504203796
-0.12820513546466827 0.4871794879436493 -0.23076923191547394
-0.12820513546466827 0.4871794879436493 -0.1794871836900711
-0.12820513546466827 0.4871794879436493 -0.12820513546466827
-0.12820513546466827 0.4871794879436493 -0.07692307978868484
-0.12820513546466827 0.4871794879436493 -0.025641025975346565
-0.12820513546466827 0.4871794879436493 0.025641025975346565
-0.12820513546466827 0.4871794879436493 0.07692307978868484
-0.12820513546466827 0.4871794879436493 0.12820513546466827
-0.12820513546466827 0.4871794879436493 0.1794871836900711
-0.12820513546466827 0.4871794879436493 0.23076923191547394
-0.12820513546466827 0.4871794879436493 0.28205129504203796
-0.12820513546466827 0.4871794879436493 0.3333333432674408
-0.12820513546466827 0.4871794879436493 0.38461539149284363
-0.12820513546466827 0.4871794879436493 0.43589743971824646
-0.12820513546466827 0.4871794879436493 0.4871794879436493
-0.12820513546466827 0.5384615659713745 -0.4871794879436493
-0.12820513546466827 0.5384615659713745 -0.43589743971824646
-0.12820513546466827 0.5384615659713745 -0.38461539149284363
-0.12820513546466827 0.5384615659713745 -0.3333333432674408
-0.12820513546466827 0.5384615659713745 -0.28205129504203796
-0.12820513546466827 0.5384615659713745 -0.23076923191547394
-0.12820513546466827 0.5384615659713745 -0.1794871836900711
-0.12820513546466827 0.5384615659713745 -0.12820513546466827
-0.12820513546466827 0.5384615659713745 -0.07692307978868484
-0.12820513546466827 0.5384615659713745 -0.025641025975346565
-0.12820513546466827 0.5384615659713745 0.025641025975346565
-0.12820513546466827 0.5384615659713745 0.07692307978868484
-0.12820513546466827 0.5384615659713745 0.12820513546466827
-0.12820513546466827 0.5384615659713745 0.1794871836900711
-0.12820513546466827 0.5384615659713745 0.23076923191547394
-0.12820513546466827 0.5384615659713745 0.28205129504203796
-0.12820513546466827 0.5384615659713745 0.3333333432674408
-0.12820513546466827 0.5384615659713745 0.38461539149284363
-0.12820513546466827 0.5384615659713745 0.43589743971824646
-0.12820513546466827 0.5384615659713745 0.4871794879436493
-0.12820513546466827 0.5897436141967773 -0.3333333432674408
-0.12820513546466827 0.5897436141967773 -0.28205129504203796
-0.12820513546466827 0.5897436141967773 -0.23076923191547394
-0.12820513546466827 0.5897436141967773 -0.1794871836900711
-0.12820513546466827 0.5897436141967773 -0.12820513546466827
-0.12820513546466827 0.5897436141967773 -0.07692307978868484
-0.12820513546466827 0.5897436141967773 -0.025641025975346565
-0.12820513546466827 0.5897436141967773 0.025641025975346565
-0.12820513546466827 0.5897436141967773 0.07692307978868484
-0.12820513546466827 0.5897436141967773 0.12820513546466827
-0.12820513546466827 0.5897436141967773 0.1794871836900711
-0.12820513546466827 0.5897436141967773 0.23076923191547394
-0.12820513546466827 0.5897436141967773 0.28205129504203796
-0.12820513546466827 0.5897436141967773 0.3333333432674408
-0.12820513546466827 0.6410256624221802 -0.07692307978868484
-0.12820513546466827 0.6410256624221802 -0.025641025975346565
-0.12820513546466827 0.6410256624221802 0.025641025975346565
-0.12820513546466827 0.6410256624221802 0.07692307978868484
-0.07692307978868484 -0.3333333432674408 -0.025641025975346565
-0.07692307978868484 -0.3333333432674408 0.025641025975346565
-0.07692307978868484 -0.3333333432674408 0.07692307978868484
-0.07692307978868484 -0.28205129504203796 -0.07692307978868484
-0.07692307978868484 -0.28205129504203796 -0.025641025975346565
-0.07692307978868484 -0.28205129504203796 0.025641025975346565
-0.07692307978868484 -0.28205129504203796 0.07692307978868484
-0.07692307978868484 -0.23076923191547394 -0.07692307978868484
-0.07692307978868484 -0.23076923191547394 -0.025641025975346565
-0.07692307978868484 -0.23076923191547394 0.025641025975346565
-0.07692307978868484 -0.23076923191547394 0.07692307978868484
-0.07692307978868484 -0.23076923191547394 0.12820513546466827
-0.07692307978868484 -0.1794871836900711 -0.12820513546466827
-0.07692307978868484 -0.1794871836900711 -0.07692307978868484
-0.07692307978868484 -0.1794871836900711 -0.025641025975346565
-0.07692307978868484 -0.1794871836900711 0.025641025975346565
-0.07692307978868484 -0.1794871836900711 0.07692307978868484
-0.07692307978868484 -0.1794871836900711 0.12820513546466827
-0.07692307978868484 -0.12820513546466827 -0.12820513546466827
-0.07692307978868484 -0.12820513546466827 -0.07692307978868484
-0.07692307978868484 -0.12820513546466827 -0.025641025975346565
-0.07692307978868484 -0.12820513546466827 0.025641025975346565
-0.07692307978868484 -0.12820513546466827 0.07692307978868484
-0.07692307978868484 -0.12820513546466827 0.12820513546466827
-0.07692307978868484 -0.12820513546466827 0.1794871836900711
-0.07692307978868484 -0.07692307978868484 -0.1794871836900711
-0.07692307978868484 -0.07692307978868484 -0.12820513546466827
-0.07692307978868484 -0.07692307978868484 -0.07692307978868484
-0.07692307978868484 -0.07692307978868484 -0.025641025975346565
-0.07692307978868484 -0.07692307978868484 0.025641025975346565
-0.07692307978868484 -0.07692307978868484 0.07692307978868484
-0.07692307978868484 -0.07692307978868484 0.12820513546466827
-0.07692307978868484 -0.07692307978868484 0.1794871836900711
-0.07692307978868484 -0.025641025975346565 -0.1794871836900711
-0.07692307978868484 -0.025641025975346565 -0.12820513546466827
-0.07692307978868484 -0.025641025975346565 -0.07692307978868484
-0.07692307978868484 -0.025641025975346565 -0.025641025975346565
-0.07692307978868484 -0.025641025975346565 0.025641025975346565
-0.07692307978868484 -0.025641025975346565 0.07692307978868484
-0.07692307978868484 -0.025641025975346565 0.12820513546466827
-0.07692307978868484 -0.025641025975346565 0.1794871836900711
-0.07692307978868484 -0.025641025975346565 0.23076923191547394
-0.07692307978868484 0.025641025975346565 -0.23076923191547394
-0.07692307978868484 0.025641025975346565 -0.1794871836900711
-0.07692307978868484 0.025641025975346565 -0.12820513546466827
-0.07692307978868484 0.025641025975346565 -0.07692307978868484
-0.07692307978868484 0.025641025975346565 -0.025641025975346565
-0.07692307978868484 0.025641025975346565 0.025641025975346565
-0.07692307978868484 0.025641025975346565 0.07692307978868484
-0.07692307978868484 0.025641025975346565 0.12820513546466827
-0.07692307978868484 0.025641025975346565 0.1794871836900711
-0.07692307978868484 0.025641025975346565 0.23076923191547394
-0.07692307978868484 0.07692307978868484 -0.23076923191547394
-0.07692307978868484 0.07692307978868484 -0.1794871836900711
-0.07692307978868484 0.07692307978868484 -0.12820513546466827
-0.07692307978868484 0.07692307978868484 -0.07692307978868484
-0.07692307978868484 0.07692307978868484 -0.025641025975346565
-0.07692307978868484 0.07692307978868484 0.025641025975346565
-0.07692307978868484 0.07692307978868484 0.07692307978868484
-0.07692307978868484 0.07692307978868484 0.12820513546466827
-0.07692307978868484 0.07692307978868484 0.1794871836900711
-0.07692307978868484 0.07692307978868484 0.23076923191547394
-0.07692307978868484 0.07692307978868484 0.28205129504203796
-0.07692307978868484 0.12820513546466827 -0.28205129504203796
-0.07692307978868484 0.12820513546466827 -0.23076923191547394
-0.07692307978868484 0.12820513546466827 -0.1794871836900711
-0.07692307978868484 0.12820513546466827 -0.12820513546466827
-0.07692307978868484 0.12820513546466827 -0.07692307978868484
-0.07692307978868484 0.12820513546466827 -0.025641025975346565
-0.07692307978868484 0.12820513546466827 0.025641025975346565
-0.07692307978868484 0.12820513546466827 0.07692307978868484
-0.07692307978868484 0.12820513546466827 0.12820513546466827
-0.07692307978868484 0.12820513546466827 0.1794871836900711
-0.07692307978868484 0.12820513546466827 0.23076923191547394
-0.07692307978868484 0.12820513546466827 0.28205129504203796
-0.07692307978868484 0.1794871836900711 -0.28205129504203796
-0.07692307978868484 0.1794871836900711 -0.23076923191547394
-0.07692307978868484 0.1794871836900711 -0.1794871836900711
-0.07692307978868484 0.1794871836900711 -0.12820513546466827
-0.07692307978868484 0.1794871836900711 -0.07692307978868484
-0.07692307978868484 0.1794871836900711 -0.025641025975346565
-0.07692307978868484 0.1794871836900711 0.025641025975346565
-0.07692307978868484 0.1794871836900711 0.07692307978868484
-0.07692307978868484 0.1794871836900711 0.12820513546466827
-0.07692307978868484 0.1794871836900711 0.1794871836900711
-0.07692307978868484 0.1794871836900711 0.23076923191547394
-0.07692307978868484 0.1794871836900711 0.28205129504203796
-0.07692307978868484 0.1794871836900711 0.3333333432674408
-0.07692307978868484 0.23076923191547394 -0.3333333432674408
-0.07692307978868484 0.23076923191547394 -0.28205129504203796
-0.07692307978868484 0.23076923191547394 -0.23076923191547394
-0.07692307978868484 0.23076923191547394 -0.1794871836900711
-0.07692307978868484 0.23076923191547394 -0.12820513546466827
-0.07692307978868484 0.23076923191547394 -0.07692307978868484
-0.07692307978868484 0.23076923191547394 -0.025641025975346565
-0.07692307978868484 0.23076923191547394 0.025641025975346565
-0.07692307978868484 0.23076923191547394 0.07692307978868484
-0.07692307978868484 0.23076923191547394 0.12820513546466827
-0.07692307978868484 0.23076923191547394 0.1794871836900711
-0.07692307978868484 0.23076923191547394 0.23076923191547394
-0.07692307978868484 0.23076923191547394 0.28205129504203796
-0.07692307978868484 0.23076923191547394 0.3333333432674408
-0.07692307978868484 0.28205129504203796 -0.3333333432674408
-0.07692307978868484 0.28205129504203796 -0.28205129504203796
-0.07692307978868484 0.28205129504203796 -0.23076923191547394
-0.07692307978868484 0.28205129504203796 -0.1794871836900711
-0.07692307978868484 0.28205129504203796 -0.12820513546466827
-0.07692307978868484 0.28205129504203796 -0.07692307978868484
-0.07692307978868484 0.28205129504203796 -0.025641025975346565
-0.07692307978868484 0.28205129504203796 0.025641025975346565
-0.07692307978868484 0.28205129504203796 0.07692307978868484
-0.07692307978868484 0.28205129504203796 0.12820513546466827
-0.07692307978868484 0.28205129504203796 0.1794871836900711
-0.07692307978868484 0.28205129504203796 0.23076923191547394
-0.07692307978868484 0.28205129504203796 0.28205129504203796
-0.07692307978868484 0.28205129504203796 0.3333333432674408
-0.07692307978868484 0.28205129504203796 0.38461539149284363
-0.07692307978868484 0.3333333432674408 -0.38461539149284363
-0.07692307978868484 0.3333333432674408 -0.3333333432674408
-0.07692307978868484 0.3333333432674408 -0.28205129504203796
-0.07692307978868484 0.3333333432674408 -0.23076923191547394
-0.07692307978868484 0.3333333432674408 -0.1794871836900711
-0.07692307978868484 0.3333333432674408 -0.12820513546466827
-0.07692307978868484 0.3333333432674408 -0.07692307978868484
-0.07692307978868484 0.3333333432674408 -0.025641025975346565
-0.07692307978868484 0.3333333432674408 0.025641025975346565
-0.07692307978868484 0.3333333432674408 0.07692307978868484
-0.07692307978868484 0.3333333432674408 0.12820513546466827
-0.07692307978868484 0.3333333432674408 0.1794871836900711
-0.07692307978868484 0.3333333432674408 0.23076923191547394
-0.07692307978868484 0.3333333432674408 0.28205129504203796
-0.07692307978868484 0.3333333432674408 0.3333333432674408
-0.07692307978868484 0.3333333432674408 0.38461539149284363
-0.07692307978868484 0.38461539149284363 -0.38461539149284363
-0.07692307978868484 0.38461539149284363 -0.3333333432674408
-0.07692307978868484 0.38461539149284363 -0.28205129504203796
-0.07692307978868484 0.38461539149284363 -0.23076923191547394
-0.07692307978868484 0.38461539149284363 -0.1794871836900711
-0.07692307978868484 0.38461539149284363 -0.12820513546466827
-0.07692307978868484 0.38461539149284363 -0.07692307978868484
-0.07692307978868484 0.38461539149284363 -0.025641025975346565
-0.07692307978868484 0.38461539149284363 0.025641025975346565
-0.07692307978868484 0.38461539149284363 0.07692307978868484
-0.07692307978868484 0.38461539149284363 0.12820513546466827
-0.07692307978868484 0.38461539149284363 0.1794871836900711
-0.07692307978868484 0.38461539149284363 0.23076923191547394
-0.07692307978868484 0.38461539149284363 0.28205129504203796
-0.07692307978868484 0.38461539149284363 0.3333333432674408
-0.07692307978868484 0.38461539149284363 0.38461539149284363
-0.07692307978868484 0.38461539149284363 0.43589743971824646
-0.07692307978868484 0.43589743971824646 -0.43589743971824646
-0.07692307978868484 0.43589743971824646 -0.38461539149284363
-0.07692307978868484 0.43589743971824646 -0.3333333432674408
-0.07692307978868484 0.43589743971824646 -0.28205129504203796
-0.07692307978868484 0.43589743971824646 -0.23076923191547394
-0.07692307978868484 0.43589743971824646 -0.1794871836900711
-0.07692307978868484 0.43589743971824646 -0.12820513546466827
-0.07692307978868484 0.43589743971824646 -0.07692307978868484
-0.07692307978868484 0.43589743971824646 -0.025641025975346565
-0.07692307978868484 0.43589743971824646 0.025641025975346565
-0.07692307978868484 0.43589743971824646 0.07692307978868484
-0.07692307978868484 0.43589743971824646 0.12820513546466827
-0.07692307978868484 0.43589743971824646 0.1794871836900711
-0.07692307978868484 0.43589743971824646 0.23076923191547394
-0.07692307978868484 0.43589743971824646 0.28205129504203796
-0.07692307978868484 0.43589743971824646 0.3333333432674408
-0.07692307978868484 0.43589743971824646 0.38461539149284363
-0.07692307978868484 0.43589743971824646 0.43589743971824646
-0.07692307978868484 0.4871794879436493 -0.43589743971824646
-0.07692307978868484 0.4871794879436493 -0.38461539149284363
-0.07692307978868484 0.4871794879436493 -0.3333333432674408
-0.07692307978868484 0.4871794879436493 -0.28205129504203796
-0.07692307978868484 0.4871794879436493 -0.23076923191547394
-0.07692307978868484 0.4871794879436493 -0.1794871836900711
-0.07692307978868484 0.4871794879436493 -0.12820513546466827
-0.07692307978868484 0.4871794879436493 -0.07692307978868484
-0.07692307978868484 0.4871794879436493 -0.025641025975346565
-0.07692307978868484 0.4871794879436493 0.025641025975346565
-0.07692307978868484 0.4871794879436493 0.07692307978868484
-0.07692307978868484 0.4871794879436493 0.12820513546466827
-0.07692307978868484 0.4871794879436493 0.1794871836900711
-0.07692307978868484 0.4871794879436493 0.23076923191547394
-0.07692307978868484 0.4871794879436493 0.28205129504203796
-0.07692307978868484 0.4871794879436493 0.3333333432674408
-0.07692307978868484 0.4871794879436493 0.38461539149284363
-0.07692307978868484 0.4871794879436493 0.43589743971824646
-0.07692307978868484 0.4871794879436493 0.4871794879436493
-0.07692307978868484 0.5384615659713745 -0.4871794879436493
-0.07692307978868484 0.5384615659713745 -0.43589743971824646
-0.07692307978868484 0.5384615659713745 -0.38461539149284363
-0.07692307978868484 0.5384615659713745 -0.3333333432674408
-0.07692307978868484 0.5384615659713745 -0.28205129504203796
-0.07692307978868484 0.5384615659713745 -0.23076923191547394
-0.07692307978868484 0.5384615659713745 -0.1794871836900711
-0.07692307978868484 0.5384615659713745 -0.12820513546466827
-0.07692307978868484 0.5384615659713745 -0.07692307978868484
-0.07692307978868484 0.5384615659713745 -0.025641025975346565
-0.07692307978868484 0.5384615659713745 0.025641025975346565
-0.07692307978868484 0.5384615659713745 0.07692307978868484
-0.07692307978868484 0.5384615659713745 0.12820513546466827
-0.07692307978868484 0.5384615659713745 0.1794871836900711
-0.07692307978868484 0.5384615659713745 0.23076923191547394
-0.07692307978868484 0.5384615659713745 0.28205129504203796
-0.07692307978868484 0.5384615659713745 0.3333333432674408
-0.07692307978868484 0.5384615659713745 0.38461539149284363
-0.07692307978868484 0.5384615659713745 0.43589743971824646
-0.07692307978868484 0.5384615659713745 0.4871794879436493
-0.07692307978868484 0.5897436141967773 -0.3333333432674408
-0.07692307978868484 0.5897436141967773 -0.28205129504203796
-0.07692307978868484 0.5897436141967773 -0.23076923191547394
-0.07692307978868484 0.5897436141967773 -0.1794871836900711
-0.07692307978868484 0.5897436141967773 -0.12820513546466827
-0.07692307978868484 0.5897436141967773 -0.07692307978868484
-0.07692307978868484 0.5897436141967773 -0.025641025975346565
-0.07692307978868484 0.5897436141967773 0.025641025975346565
-0.07692307978868484 0.5897436141967773 0.07692307978868484
-0.07692307978868484 0.5897436141967773 0.12820513546466827
-0.07692307978868484 0.5897436141967773 0.1794871836900711
-0.07692307978868484 0.5897436141967773 0.23076923191547394
-0.07692307978868484 0.5897436141967773 0.28205129504203796
-0.07692307978868484 0.5897436141967773 0.3333333432674408
-0.07692307978868484 0.6410256624221802 -0.12820513546466827
-0.07692307978868484 0.6410256624221802 -0.07692307978868484
-0.07692307978868484 0.6410256624221802 -0.025641025975346565
-0.07692307978868484 0.6410256624221802 0.025641025975346565
-0.07692307978868484 0.6410256624221802 0.07692307978868484
-0.07692307978868484 0.6410256624221802 0.12820513546466827
-0.025641025975346565 -0.43589743971824646 0.025641025975346565
-0.025641025975346565 -0.38461539149284363 -0.025641025975346565
-0.025641025975346565 -0.38461539149284363 0.025641025975346565
-0.025641025975346565 -0.3333333432674408 -0.07692307978868484
-0.025641025975346565 -0.3333333432674408 -0.025641025975346565
-0.025641025975346565 -0.3333333432674408 0.025641025975346565
-0.025641025975346565 -0.3333333432674408 0.07692307978868484
-0.025641025975346565 -0.28205129504203796 -0.07692307978868484
-0.025641025975346565 -0.28205129504203796 -0.025641025975346565
-0.025641025975346565 -0.28205129504203796 0.025641025975346565
-0.025641025975346565 -0.28205129504203796 0.07692307978868484
-0.025641025975346565 -0.23076923191547394 -0.07692307978868484
-0.025641025975346565 -0.23076923191547394 -0.025641025975346565
-0.025641025975346565 -0.23076923191547394 0.025641025975346565
-0.025641025975346565 -0.23076923191547394 0.07692307978868484
-0.025641025975346565 -0.23076923191547394 0.12820513546466827
-0.025641025975346565 -0.1794871836900711 -0.12820513546466827
-0.025641025975346565 -0.1794871836900711 -0.07692307978868484
-0.025641025975346565 -0.1794871836900711 -0.025641025975346565
-0.025641025975346565 -0.1794871836900711 0.025641025975346565
-0.025641025975346565 -0.1794871836900711 0.07692307978868484
-0.025641025975346565 -0.1794871836900711 0.12820513546466827
-0.025641025975346565 -0.12820513546466827 -0.1794871836900711
-0.025641025975346565 -0.12820513546466827 -0.12820513546466827
-0.025641025975346565 -0.12820513546466827 -0.07692307978868484
-0.025641025975346565 -0.12820513546466827 -0.025641025975346565
-0.025641025975346565 -0.12820513546466827 0.025641025975346565
-0.025641025975346565 -0.12820513546466827 0.07692307978868484
-0.025641025975346565 -0.12820513546466827 0.12820513546466827
-0.025641025975346565 -0.12820513546466827 0.1794871836900711
-0.025641025975346565 -0.07692307978868484 -0.1794871836900711
-0.025641025975346565 -0.07692307978868484 -0.12820513546466827
-0.025641025975346565 -0.07692307978868484 -0.07692307978868484
-0.025641025975346565 -0.07692307978868484 -0.025641025975346565
-0.025641025975346565 -0.07692307978868484 0.025641025975346565
-0.025641025975346565 -0.07692307978868484 0.07692307978868484
-0.025641025975346565 -0.07692307978868484 0.12820513546466827
-0.025641025975346565 -0.07692307978868484 0.1794871836900711
-0.025641025975346565 -0.025641025975346565 -0.1794871836900711
-0.025641025975346565 -0.025641025975346565 -0.12820513546466827
-0.025641025975346565 -0.025641025975346565 -0.07692307978868484
-0.025641025975346565 -0.025641025975346565 -0.025641025975346565
-0.025641025975346565 -0.025641025975346565 0.025641025975346565
-0.025641025975346565 -0.025641025975346565 0.07692307978868484
-0.025641025975346565 -0.025641025975346565 0.12820513546466827
-0.025641025975346565 -0.025641025975346565 0.1794871836900711
-0.025641025975346565 -0.025641025975346565 0.23076923191547394
-0.025641025975346565 0.025641025975346565 -0.23076923191547394
-0.025641025975346565 0.025641025975346565 -0.1794871836900711
-0.025641025975346565 0.025641025975346565 -0.12820513546466827
-0.025641025975346565 0.025641025975346565 -0.07692307978868484
-0.025641025975346565 0.025641025975346565 -0.025641025975346565
-0.025641025975346565 0.025641025975346565 0.025641025975346565
-0.025641025975346565 0.025641025975346565 0.07692307978868484
-0.025641025975346565 0.025641025975346565 0.12820513546466827
-0.025641025975346565 0.025641025975346565 0.1794871836900711
-0.025641025975346565 0.025641025975346565 0.23076923191547394
-0.025641025975346565 0.07692307978868484 -0.28205129504203796
-0.025641025975346565 0.07692307978868484 -0.23076923191547394
-0.025641025975346565 0.07692307978868484 -0.1794871836900711
-0.025641025975346565 0.07692307978868484 -0.12820513546466827
-0.025641025975346565 0.07692307978868484 -0.07692307978868484
-0.025641025975346565 0.07692307978868484 -0.025641025975346565
-0.025641025975346565 0.07692307978868484 0.025641025975346565
-0.025641025975346565 0.07692307978868484 0.07692307978868484
-0.025641025975346565 0.07692307978868484 0.12820513546466827
-0.025641025975346565 0.07692307978868484 0.1794871836900711
-0.025641025975346565 0.07692307978868484 0.23076923191547394
-0.025641025975346565 0.07692307978868484 0.28205129504203796
-0.025641025975346565 0.12820513546466827 -0.28205129504203796
-0.025641025975346565 0.12820513546466827 -0.23076923191547394
-0.025641025975346565 0.12820513546466827 -0.1794871836900711
-0.025641025975346565 0.12820513546466827 -0.12820513546466827
-0.025641025975346565 0.12820513546466827 -0.07692307978868484
-0.025641025975346565 0.12820513546466827 -0.025641025975346565
-0.025641025975346565 0.12820513546466827 0.025641025975346565
-0.025641025975346565 0.12820513546466827 0.07692307978868484
-0.025641025975346565 0.12820513546466827 0.12820513546466827
-0.025641025975346565 0.12820513546466827 0.1794871836900711
-0.025641025975346565 0.12820513546466827 0.23076923191547394
-0.025641025975346565 0.12820513546466827 0.28205129504203796
-0.025641025975346565 0.1794871836900711 -0.3333333432674408
-0.025641025975346565 0.1794871836900711 -0.28205129504203796
-0.025641025975346565 0.1794871836900711 -0.23076923191547394
-0.025641025975346565 0.1794871836900711 -0.1794871836900711
-0.025641025975346565 0.1794871836900711 -0.12820513546466827
-0.025641025975346565 0.1794871836900711 -0.07692307978868484
-0.025641025975346565 0.1794871836900711 -0.025641025975346565
-0.025641025975346565 0.1794871836900711 0.025641025975346565
-0.025641025975346565 0.1794871836900711 0.07692307978868484
-0.025641025975346565 0.1794871836900711 0.12820513546466827
-0.025641025975346565 0.1794871836900711 0.1794871836900711
-0.025641025975346565 0.1794871836900711 0.23076923191547394
-0.025641025975346565 0.1794871836900711 0.28205129504203796
-0.025641025975346565 0.1794871836900711 0.3333333432674408
-0.025641025975346565 0.23076923191547394 -0.3333333432674408
-0.025641025975346565 0.23076923191547394 -0.28205129504203796
-0.025641025975346565 0.23076923191547394 -0.23076923191547394
-0.025641025975346565 0.23076923191547394 -0.1794871836900711
-0.025641025975346565 0.23076923191547394 -0.12820513546466827
-0.025641025975346565 0.23076923191547394 -0.07692307978868484
-0.025641025975346565 0.23076923191547394 -0.025641025975346565
-0.025641025975346565 0.23076923191547394 0.025641025975346565
-0.025641025975346565 0.23076923191547394 0.07692307978868484
-0.025641025975346565 0.23076923191547394 0.12820513546466827
-0.025641025975346565 0.23076923191547394 0.1794871836900711
-0.025641025975346565 0.23076923191547394 0.23076923191547394
-0.025641025975346565 0.23076923191547394 0.28205129504203796
-0.025641025975346565 0.23076923191547394 0.3333333432674408
-0.025641025975346565 0.28205129504203796 -0.38461539149284363
-0.025641025975346565 0.28205129504203796 -0.3333333432674408
-0.025641025975346565 0.28205129504203796 -0.28205129504203796
-0.025641025975346565 0.28205129504203796 -0.23076923191547394
-0.025641025975346565 0.28205129504203796 -0.1794871836900711
-0.025641025975346565 0.28205129504203796 -0.12820513546466827
-0.025641025975346565 0.28205129504203796 -0.07692307978868484
-0.025641025975346565 0.28205129504203796 -0.025641025975346565
-0.025641025975346565 0.28205129504203796 0.025641025975346565
-0.025641025975346565 0.28205129504203796 0.07692307978868484
-0.025641025975346565 0.28205129504203796 0.12820513546466827
-0.025641025975346565 0.28205129504203796 0.1794871836900711
-0.025641025975346565 0.28205129504203796 0.23076923191547394
-0.025641025975346565 0.28205129504203796 0.28205129504203796
-0.025641025975346565 0.28205129504203796 0.3333333432674408
-0.025641025975346565 0.28205129504203796 0.38461539149284363
-0.025641025975346565 0.3333333432674408 -0.38461539149284363
-0.025641025975346565 0.3333333432674408 -0.3333333432674408
-0.025641025975346565 0.3333333432674408 -0.28205129504203796
-0.025641025975346565 0.3333333432674408 -0.23076923191547394
-0.025641025975346565 0.3333333432674408 -0.1794871836900711
-0.025641025975346565 0.3333333432674408 -0.12820513546466827
-0.025641025975346565 0.3333333432674408 -0.07692307978868484
-0.025641025975346565 0.3333333432674408 -0.025641025975346565
-0.025641025975346565 0.3333333432674408 0.025641025975346565
-0.025641025975346565 0.3333333432674408 0.07692307978868484
-0.025641025975346565 0.3333333432674408 0.12820513546466827
-0.025641025975346565 0.3333333432674408 0.1794871836900711
-0.025641025975346565 0.3333333432674408 0.23076923191547394
-0.025641025975346565 0.3333333432674408 0.28205129504203796
-0.025641025975346565 0.3333333432674408 0.3333333432674408
-0.025641025975346565 0.3333333432674408 0.38461539149284363
-0.025641025975346565 0.38461539149284363 -0.43589743971824646
-0.025641025975346565 0.38461539149284363 -0.38461539149284363
-0.025641025975346565 0.38461539149284363 -0.3333333432674408
-0.025641025975346565 0.38461539149284363 -0.28205129504203796
-0.025641025975346565 0.38461539149284363 -0.23076923191547394
-0.025641025975346565 0.38461539149284363 -0.1794871836900711
-0.025641025975346565 0.38461539149284363 -0.12820513546466827
-0.025641025975346565 0.38461539149284363 -0.07692307978868484
-0.025641025975346565 0.38461539149284363 -0.025641025975346565
-0.025641025975346565 0.38461539149284363 0.025641025975346565
-0.025641025975346565 0.38461539149284363 0.07692307978868484
-0.025641025975346565 0.38461539149284363 0.12820513546466827
-0.025641025975346565 0.38461539149284363 0.1794871836900711
-0.025641025975346565 0.38461539149284363 0.23076923191547394
-0.025641025975346565 0.38461539149284363 0.28205129504203796
-0.025641025975346565 0.38461539149284363 0.3333333432674408
-0.025641025975346565 0.38461539149284363 0.38461539149284363
-0.025641025975346565 0.38461539149284363 0.43589743971824646
-0.025641025975346565 0.43589743971824646 -0.43589743971824646
-0.025641025975346565 0.43589743971824646 -0.38461539149284363
-0.025641025975346565 0.43589743971824646 -0.3333333432674408
-0.025641025975346565 0.43589743971824646 -0.28205129504203796
-0.025641025975346565 0.43589743971824646 -0.23076923191547394
-0.025641025975346565 0.43589743971824646 -0.1794871836900711
-0.025641025975346565 0.43589743971824646 -0.12820513546466827
-0.025641025975346565 0.43589743971824646 -0.07692307978868484
-0.025641025975346565 0.43589743971824646 -0.025641025975346565
-0.025641025975346565 0.43589743971824646 0.025641025975346565
-0.025641025975346565 0.43589743971824646 0.07692307978868484
-0.025641025975346565 0.43589743971824646 0.12820513546466827
-0.025641025975346565 0.43589743971824646 0.1794871836900711
-0.025641025975346565 0.43589743971824646 0.23076923191547394
-0.025641025975346565 0.43589743971824646 0.28205129504203796
-0.025641025975346565 0.43589743971824646 0.3333333432674408
-0.025641025975346565 0.43589743971824646 0.38461539149284363
-0.025641025975346565 0.43589743971824646 0.43589743971824646
-0.025641025975346565 0.4871794879436493 -0.4871794879436493
-0.025641025975346565 0.4871794879436493 -0.43589743971824646
-0.025641025975346565 0.4871794879436493 -0.38461539149284363
-0.025641025975346565 0.4871794879436493 -0.3333333432674408
-0.025641025975346565 0.4871794879436493 -0.28205129504203796
-0.025641025975346565 0.4871794879436493 -0.23076923191547394
-0.025641025975346565 0.4871794879436493 -0.1794871836900711
-0.025641025975346565 0.4871794879436493 -0.12820513546466827
-0.025641025975346565 0.4871794879436493 -0.07692307978868484
-0.025641025975346565 0.4871794879436493 -0.025641025975346565
-0.025641025975346565 0.4871794879436493 0.025641025975346565
-0.025641025975346565 0.4871794879436493 0.07692307978868484
-0.025641025975346565 0.4871794879436493 0.12820513546466827
-0.025641025975346565 0.4871794879436493 0.1794871836900711
-0.025641025975346565 0.4871794879436493 0.23076923191547394
-0.025641025975346565 0.4871794879436493 0.28205129504203796
-0.025641025975346565 0.4871794879436493 0.3333333432674408
-0.025641025975346565 0.4871794879436493 0.38461539149284363
-0.025641025975346565 0.4871794879436493 0.43589743971824646
-0.025641025975346565 0.4871794879436493 0.4871794879436493
-0.025641025975346565 0.5384615659713745 -0.4871794879436493
-0.025641025975346565 0.5384615659713745 -0.43589743971824646
-0.025641025975346565 0.5384615659713745 -0.38461539149284363
-0.025641025975346565 0.5384615659713745 -0.3333333432674408
-0.025641025975346565 0.5384615659713745 -0.28205129504203796
-0.025641025975346565 0.5384615659713745 -0.23076923191547394
-0.025641025975346565 0.5384615659713745 -0.1794871836900711
-0.025641025975346565 0.5384615659713745 -0.12820513546466827
-0.025641025975346565 0.5384615659713745 -0.07692307978868484
-0.025641025975346565 0.5384615659713745 -0.025641025975346565
-0.025641025975346565 0.5384615659713745 0.025641025975346565
-0.025641025975346565 0.5384615659713745 0.07692307978868484
-0.025641025975346565 0.5384615659713745 0.12820513546466827
-0.025641025975346565 0.5384615659713745 0.1794871836900711
-0.025641025975346565 0.5384615659713745 0.23076923191547394
-0.025641025975346565 0.5384615659713745 0.28205129504203796
-0.025641025975346565 0.5384615659713745 0.3333333432674408
-0.025641025975346565 0.5384615659713745 0.38461539149284363
-0.025641025975346565 0.5384615659713745 0.43589743971824646
-0.025641025975346565 0.5384615659713745 0.4871794879436493
-0.025641025975346565 0.5897436141967773 -0.3333333432674408
-0.025641025975346565 0.5897436141967773 -0.28205129504203796
-0.025641025975346565 0.5897436141967773 -0.23076923191547394
-0.025641025975346565 0.5897436141967773 -0.1794871836900711
-0.025641025975346565 0.5897436141967773 -0.12820513546466827
-0.025641025975346565 0.5897436141967773 -0.07692307978868484
-0.025641025975346565 0.5897436141967773 -0.025641025975346565
-0.025641025975346565 0.5897436141967773 0.025641025975346565
-0.025641025975346565 0.5897436141967773 0.07692307978868484
-0.025641025975346565 0.5897436141967773 0.12820513546466827
-0.025641025975346565 0.5897436141967773 0.1794871836900711
-0.025641025975346565 0.5897436141967773 0.23076923191547394
-0.025641025975346565 0.5897436141967773 0.28205129504203796
-0.025641025975346565 0.5897436141967773 0.3333333432674408
-0.025641025975346565 0.6410256624221802 -0.1794871836900711
-0.025641025975346565 0.6410256624221802 -0.12820513546466827
-0.025641025975346565 0.6410256624221802 -0.07692307978868484
-0.025641025975346565 0.6410256624221802 -0.025641025975346565
-0.025641025975346565 0.6410256624221802 0.025641025975346565
-0.025641025975346565 0.6410256624221802 0.07692307978868484
-0.025641025975346565 0.6410256624221802 0.12820513546466827
-0.025641025975346565 0.6410256624221802 0.1794871836900711
0.025641025975346565 -0.43589743971824646 0.025641025975346565
0.025641025975346565 -0.38461539149284363 -0.025641025975346565
0.025641025975346565 -0.38461539149284363 0.025641025975346565
0.025641025975346565 -0.3333333432674408 -0.07692307978868484
0.025641025975346565 -0.3333333432674408 -0.025641025975346565
0.025641025975346565 -0.3333333432674408 0.025641025975346565
0.025641025975346565 -0.3333333432674408 0.07692307978868484
0.025641025975346565 -0.28205129504203796 -0.07692307978868484
0.025641025975346565 -0.28205129504203796 -0.025641025975346565
0.025641025975346565 -0.28205129504203796 0.025641025975346565
0.025641025975346565 -0.28205129504203796 0.07692307978868484
0.025641025975346565 -0.28205129504203796 0.12820513546466827
0.025641025975346565 -0.23076923191547394 -0.07692307978868484
0.025641025975346565 -0.23076923191547394 -0.025641025975346565
0.025641025975346565 -0.23076923191547394 0.025641025975346565
0.025641025975346565 -0.23076923191547394 0.07692307978868484
0.025641025975346565 -0.23076923191547394 0.12820513546466827
0.025641025975346565 -0.1794871836900711 -0.12820513546466827
0.025641025975346565 -0.1794871836900711 -0.07692307978868484
0.025641025975346565 -0.1794871836900711 -0.025641025975346565
0.025641025975346565 -0.1794871836900711 0.025641025975346565
0.025641025975346565 -0.1794871836900711 0.07692307978868484
0.025641025975346565 -0.1794871836900711 0.12820513546466827
0.025641025975346565 -0.12820513546466827 -0.12820513546466827
0.025641025975346565 -0.12820513546466827 -0.07692307978868484
0.025641025975346565 -0.12820513546466827 -0.025641025975346565
0.025641025975346565 -0.12820513546466827 0.025641025975346565
0.025641025975346565 -0.12820513546466827 0.07692307978868484
0.025641025975346565 -0.12820513546466827 0.12820513546466827
0.025641025975346565 -0.12820513546466827 0.1794871836900711
0.025641025975346565 -0.07692307978868484 -0.1794871836900711
0.025641025975346565 -0.07692307978868484 -0.12820513546466827
0.025641025975346565 -0.07692307978868484 -0.07692307978868484
0.025641025975346565 -0.07692307978868484 -0.025641025975346565
0.025641025975346565 -0.07692307978868484 0.025641025975346565
0.025641025975346565 -0.07692307978868484 0.07692307978868484
0.025641025975346565 -0.07692307978868484 0.12820513546466827
0.025641025975346565 -0.07692307978868484 0.1794871836900711
0.025641025975346565 -0.025641025975346565 -0.1794871836900711
0.025641025975346565 -0.025641025975346565 -0.12820513546466827
0.025641025975346565 -0.025641025975346565 -0.07692307978868484
0.025641025975346565 -0.025641025975346565 -0.025641025975346565
0.025641025975346565 -0.025641025975346565 0.025641025975346565
0.025641025975346565 -0.025641025975346565 0.07692307978868484
0.025641025975346565 -0.025641025975346565 0.12820513546466827
0.025641025975346565 -0.025641025975346565 0.1794871836900711
0.025641025975346565 -0.025641025975346565 0.23076923191547394
0.025641025975346565 0.025641025975346565 -0.23076923191547394
0.025641025975346565 0.025641025975346565 -0.1794871836900711
0.025641025975346565 0.025641025975346565 -0.12820513546466827
0.025641025975346565 0.025641025975346565 -0.07692307978868484
0.025641025975346565 0.025641025975346565 -0.025641025975346565
0.025641025975346565 0.025641025975346565 0.025641025975346565
0.025641025975346565 0.025641025975346565 0.07692307978868484
0.025641025975346565 0.025641025975346565 0.12820513546466827
0.025641025975346565 0.025641025975346565 0.1794871836900711
0.025641025975346565 0.025641025975346565 0.23076923191547394
0.025641025975346565 0.025641025975346565 0.28205129504203796
0.025641025975346565 0.07692307978868484 -0.23076923191547394
0.025641025975346565 0.07692307978868484 -0.1794871836900711
0.025641025975346565 0.07692307978868484 -0.12820513546466827
0.025641025975346565 0.07692307978868484 -0.07692307978868484
0.025641025975346565 0.07692307978868484 -0.025641025975346565
0.025641025975346565 0.07692307978868484 0.025641025975346565
0.025641025975346565 0.07692307978868484 0.07692307978868484
0.025641025975346565 0.07692307978868484 0.12820513546466827
0.025641025975346565 0.07692307978868484 0.1794871836900711
0.025641025975346565 0.07692307978868484 0.23076923191547394
0.025641025975346565 0.07692307978868484 0.28205129504203796
0.025641025975346565 0.12820513546466827 -0.28205129504203796
0.025641025975346565 0.12820513546466827 -0.23076923191547394
0.025641025975346565 0.12820513546466827 -0.1794871836900711
0.025641025975346565 0.12820513546466827 -0.12820513546466827
0.025641025975346565 0.12820513546466827 -0.07692307978868484
0.025641025975346565 0.12820513546466827 -0.025641025975346565
0.025641025975346565 0.12820513546466827 0.025641025975346565
0.025641025975346565 0.12820513546466827 0.07692307978868484
0.025641025975346565 0.12820513546466827 0.12820513546466827
0.025641025975346565 0.12820513546466827 0.1794871836900711
0.025641025975346565 0.12820513546466827 0.23076923191547394
0.025641025975346565 0.12820513546466827 0.28205129504203796
0.025641025975346565 0.1794871836900711 -0.3333333432674408
0.025641025975346565 0.1794871836900711 -0.28205129504203796
0.025641025975346565 0.1794871836900711 -0.23076923191547394
0.025641025975346565 0.1794871836900711 -0.1794871836900711
0.025641025975346565 0.1794871836900711 -0.12820513546466827
0.025641025975346565 0.1794871836900711 -0.07692307978868484
0.025641025975346565 0.1794871836900711 -0.025641025975346565
0.025641025975346565 0.1794871836900711 0.025641025975346565
0.025641025975346565 0.1794871836900711 0.07692307978868484
0.025641025975346565 0.1794871836900711 0.12820513546466827
0.025641025975346565 0.1794871836900711 0.1794871836900711
0.025641025975346565 0.1794871836900711 0.23076923191547394
0.025641025975346565 0.1794871836900711 0.28205129504203796
0.025641025975346565 0.1794871836900711 0.3333333432674408
0.025641025975346565 0.23076923191547394 -0.3333333432674408
0.025641025975346565 0.23076923191547394 -0.28205129504203796
0.025641025975346565 0.23076923191547394 -0.23076923191547394
0.025641025975346565 0.23076923191547394 -0.1794871836900711
0.025641025975346565 0.23076923191547394 -0.12820513546466827
0.025641025975346565 0.23076923191547394 -0.07692307978868484
0.025641025975346565 0.23076923191547394 -0.025641025975346565
0.025641025975346565 0.23076923191547394 0.025641025975346565
0.025641025975346565 0.23076923191547394 0.07692307978868484
0.025641025975346565 0.23076923191547394 0.12820513546466827
0.025641025975346565 0.23076923191547394 0.1794871836900711
0.025641025975346565 0.23076923191547394 0.23076923191547394
0.025641025975346565 0.23076923191547394 0.28205129504203796
0.025641025975346565 0.23076923191547394 0.3333333432674408
0.025641025975346565 0.28205129504203796 -0.3333333432674408
0.025641025975346565 0.28205129504203796 -0.28205129504203796
0.025641025975346565 0.28205129504203796 -0.23076923191547394
0.025641025975346565 0.28205129504203796 -0.1794871836900711
0.025641025975346565 0.28205129504203796 -0.12820513546466827
0.025641025975346565 0.28205129504203796 -0.07692307978868484
0.025641025975346565 0.28205129504203796 -0.025641025975346565
0.025641025975346565 0.28205129504203796 0.025641025975346565
0.025641025975346565 0.28205129504203796 0.07692307978868484
0.025641025975346565 0.28205129504203796 0.12820513546466827
0.025641025975346565 0.28205129504203796 0.1794871836900711
0.025641025975346565 0.28205129504203796 0.23076923191547394
0.025641025975346565 0.28205129504203796 0.28205129504203796
0.025641025975346565 0.28205129504203796 0.3333333432674408
0.025641025975346565 0.28205129504203796 0.38461539149284363
0.025641025975346565 0.3333333432674408 -0.38461539149284363
0.025641025975346565 0.3333333432674408 -0.3333333432674408
0.025641025975346565 0.3333333432674408 -0.28205129504203796
0.025641025975346565 0.3333333432674408 -0.23076923191547394
0.025641025975346565 0.3333333432674408 -0.1794871836900711
0.025641025975346565 0.3333333432674408 -0.12820513546466827
0.025641025975346565 0.3333333432674408 -0.07692307978868484
0.025641025975346565 0.3333333432674408 -0.025641025975346565
0.025641025975346565 0.3333333432674408 0.025641025975346565
0.025641025975346565 0.3333333432674408 0.07692307978868484
0.025641025975346565 0.3333333432674408 0.12820513546466827
0.025641025975346565 0.3333333432674408 0.1794871836900711
0.025641025975346565 0.3333333432674408 0.23076923191547394
0.025641025975346565 0.3333333432674408 0.28205129504203796
0.025641025975346565 0.3333333432674408 0.3333333432674408
0.025641025975346565 0.3333333432674408 0.38461539149284363
0.025641025975346565 0.3333333432674408 0.43589743971824646
0.025641025975346565 0.38461539149284363 -0.43589743971824646
0.025641025975346565 0.38461539149284363 -0.38461539149284363
0.025641025975346565 0.38461539149284363 -0.3333333432674408
0.025641025975346565 0.38461539149284363 -0.28205129504203796
0.025641025975346565 0.38461539149284363 -0.23076923191547394
0.025641025975346565 0.38461539149284363 -0.1794871836900711
0.025641025975346565 0.38461539149284363 -0.12820513546466827
0.025641025975346565 0.38461539149284363 -0.07692307978868484
0.025641025975346565 0.38461539149284363 -0.025641025975346565
0.025641025975346565 0.38461539149284363 0.025641025975346565
0.025641025975346565 0.38461539149284363 0.07692307978868484
0.025641025975346565 0.38461539149284363 0.12820513546466827
0.025641025975346565 0.38461539149284363 0.1794871836900711
0.025641025975346565 0.38461539149284363 0.23076923191547394
0.025641025975346565 0.38461539149284363 0.28205129504203796
0.025641025975346565 0.38461539149284363 0.3333333432674408
0.025641025975346565 0.38461539149284363 0.38461539149284363
0.025641025975346565 0.38461539149284363 0.43589743971824646
0.025641025975346565 0.43589743971824646 -0.43589743971824646
0.025641025975346565 0.43589743971824646 -0.38461539149284363
0.025641025975346565 0.43589743971824646 -0.3333333432674408
0.025641025975346565 0.43589743971824646 -0.28205129504203796
0.025641025975346565 0.43589743971824646 -0.23076923191547394
0.025641025975346565 0.43589743971824646 -0.1794871836900711
0.025641025975346565 0.43589743971824646 -0.12820513546466827
0.025641025975346565 0.43589743971824646 -0.07692307978868484
0.025641025975346565 0.43589743971824646 -0.025641025975346565
0.025641025975346565 0.43589743971824646 0.025641025975346565
0.025641025975346565 0.43589743971824646 0.07692307978868484
0.025641025975346565 0.43589743971824646 0.12820513546466827
0.025641025975346565 0.43589743971824646 0.1794871836900711
0.025641025975346565 0.43589743971824646 0.23076923191547394
0.025641025975346565 0.43589743971824646 0.28205129504203796
0.025641025975346565 0.43589743971824646 0.3333333432674408
0.025641025975346565 0.43589743971824646 0.38461539149284363
0.025641025975346565 0.43589743971824646 0.43589743971824646
0.025641025975346565 0.43589743971824646 0.4871794879436493
0.025641025975346565 0.4871794879436493 -0.43589743971824646
0.025641025975346565 0.4871794879436493 -0.38461539149284363
0.025641025975346565 0.4871794879436493 -0.3333333432674408
0.025641025975346565 0.4871794879436493 -0.28205129504203796
0.025641025975346565 0.4871794879436493 -0.23076923191547394
0.025641025975346565 0.4871794879436493 -0.1794871836900711
0.025641025975346565 0.4871794879436493 -0.12820513546466827
0.025641025975346565 0.4871794879436493 -0.07692307978868484
0.025641025975346565 0.4871794879436493 -0.025641025975346565
0.025641025975346565 0.4871794879436493 0.025641025975346565
0.025641025975346565 0.4871794879436493 0.07692307978868484
0.025641025975346565 0.4871794879436493 0.12820513546466827
0.025641025975346565 0.4871794879436493 0.1794871836900711
0.025641025975346565 0.4871794879436493 0.23076923191547394
0.025641025975346565 0.4871794879436493 0.28205129504203796
0.025641025975346565 0.4871794879436493 0.3333333432674408
0.025641025975346565 0.4871794879436493 0.38461539149284363
0.025641025975346565 0.4871794879436493 0.43589743971824646
0.025641025975346565 0.4871794879436493 0.4871794879436493
0.025641025975346565 0.5384615659713745 -0.4871794879436493
0.025641025975346565 0.5384615659713745 -0.43589743971824646
0.025641025975346565 0.5384615659713745 -0.38461539149284363
0.025641025975346565 0.5384615659713745 -0.3333333432674408
0.025641025975346565 0.5384615659713745 -0.28205129504203796
0.025641025975346565 0.5384615659713745 -0.23076923191547394
0.025641025975346565 0.5384615659713745 -0.1794871836900711
0.025641025975346565 0.5384615659713745 -0.12820513546466827
0.025641025975346565 0.5384615659713745 -0.07692307978868484
0.025641025975346565 0.5384615659713745 -0.025641025975346565
0.025641025975346565 0.5384615659713745 0.025641025975346565
0.025641025975346565 0.5384615659713745 0.07692307978868484
0.025641025975346565 0.5384615659713745 0.12820513546466827
0.025641025975346565 0.5384615659713745 0.1794871836900711
0.025641025975346565 0.5384615659713745 0.23076923191547394
0.025641025975346565 0.5384615659713745 0.28205129504203796
0.025641025975346565 0.5384615659713745 0.3333333432674408
0.025641025975346565 0.5384615659713745 0.38461539149284363
0.025641025975346565 0.5384615659713745 0.43589743971824646
0.025641025975346565 0.5384615659713745 0.4871794879436493
0.025641025975346565 0.5897436141967773 -0.3333333432674408
0.025641025975346565 0.5897436141967773 -0.28205129504203796
0.025641025975346565 0.5897436141967773 -0.23076923191547394
0.025641025975346565 0.5897436141967773 -0.1794871836900711
0.025641025975346565 0.5897436141967773 -0.12820513546466827
0.025641025975346565 0.5897436141967773 -0.07692307978868484
0.025641025975346565 0.5897436141967773 -0.025641025975346565
0.025641025975346565 0.5897436141967773 0.025641025975346565
0.025641025975346565 0.5897436141967773 0.07692307978868484
0.025641025975346565 0.5897436141967773 0.12820513546466827
0.025641025975346565 0.5897436141967773 0.1794871836900711
0.025641025975346565 0.5897436141967773 0.23076923191547394
0.025641025975346565 0.5897436141967773 0.28205129504203796
0.025641025975346565 0.5897436141967773 0.3333333432674408
0.025641025975346565 0.6410256624221802 -0.1794871836900711
0.025641025975346565 0.6410256624221802 -0.12820513546466827
0.025641025975346565 0.6410256624221802 -0.07692307978868484
0.025641025975346565 0.6410256624221802 -0.025641025975346565
0.025641025975346565 0.6410256624221802 0.025641025975346565
0.025641025975346565 0.6410256624221802 0.07692307978868484
0.025641025975346565 0.6410256624221802 0.12820513546466827
0.025641025975346565 0.6410256624221802 0.1794871836900711
0.07692307978868484 -0.3333333432674408 -0.025641025975346565
0.07692307978868484 -0.3333333432674408 0.025641025975346565
0.07692307978868484 -0.3333333432674408 0.07692307978868484
0.07692307978868484 -0.28205129504203796 -0.07692307978868484
0.07692307978868484 -0.28205129504203796 -0.025641025975346565
0.07692307978868484 -0.28205129504203796 0.025641025975346565
0.07692307978868484 -0.28205129504203796 0.07692307978868484
0.07692307978868484 -0.23076923191547394 -0.07692307978868484
0.07692307978868484 -0.23076923191547394 -0.025641025975346565
0.07692307978868484 -0.23076923191547394 0.025641025975346565
0.07692307978868484 -0.23076923191547394 0.07692307978868484
0.07692307978868484 -0.23076923191547394 0.12820513546466827
0.07692307978868484 -0.1794871836900711 -0.12820513546466827
0.07692307978868484 -0.1794871836900711 -0.07692307978868484
0.07692307978868484 -0.1794871836900711 -0.025641025975346565
0.07692307978868484 -0.1794871836900711 0.025641025975346565
0.07692307978868484 -0.1794871836900711 0.07692307978868484
0.07692307978868484 -0.1794871836900711 0.12820513546466827
0.07692307978868484 -0.12820513546466827 -0.12820513546466827
0.07692307978868484 -0.12820513546466827 -0.07692307978868484
0.07692307978868484 -0.12820513546466827 -0.025641025975346565
0.07692307978868484 -0.12820513546466827 0.025641025975346565
0.07692307978868484 -0.12820513546466827 0.07692307978868484
0.07692307978868484 -0.12820513546466827 0.12820513546466827
0.07692307978868484 -0.12820513546466827 0.1794871836900711
0.07692307978868484 -0.07692307978868484 -0.1794871836900711
0.07692307978868484 -0.07692307978868484 -0.12820513546466827
0.07692307978868484 -0.07692307978868484 -0.07692307978868484
0.07692307978868484 -0.07692307978868484 -0.025641025975346565
0.07692307978868484 -0.07692307978868484 0.025641025975346565
0.07692307978868484 -0.07692307978868484 0.07692307978868484
0.07692307978868484 -0.07692307978868484 0.12820513546466827
0.07692307978868484 -0.07692307978868484 0.1794871836900711
0.07692307978868484 -0.07692307978868484 0.23076923191547394
0.07692307978868484 -0.025641025975346565 -0.1794871836900711
0.07692307978868484 -0.025641025975346565 -0.12820513546466827
0.07692307978868484 -0.025641025975346565 -0.07692307978868484
0.07692307978868484 -0.025641025975346565 -0.025641025975346565
0.07692307978868484 -0.025641025975346565 0.025641025975346565
0.07692307978868484 -0.025641025975346565 0.07692307978868484
0.07692307978868484 -0.025641025975346565 0.12820513546466827
0.07692307978868484 -0.025641025975346565 0.1794871836900711
0.07692307978868484 -0.025641025975346565 0.23076923191547394
0.07692307978868484 0.025641025975346565 -0.23076923191547394
0.07692307978868484 0.025641025975346565 -0.1794871836900711
0.07692307978868484 0.025641025975346565 -0.12820513546466827
0.07692307978868484 0.025641025975346565 -0.07692307978868484
0.07692307978868484 0.025641025975346565 -0.025641025975346565
0.07692307978868484 0.025641025975346565 0.025641025975346565
0.07692307978868484 0.025641025975346565 0.07692307978868484
0.07692307978868484 0.025641025975346565 0.12820513546466827
0.07692307978868484 0.025641025975346565 0.1794871836900711
0.07692307978868484 0.025641025975346565 0.23076923191547394
0.07692307978868484 0.07692307978868484 -0.23076923191547394
0.07692307978868484 0.07692307978868484 -0.1794871836900711
0.07692307978868484 0.07692307978868484 -0.12820513546466827
0.07692307978868484 0.07692307978868484 -0.07692307978868484
0.07692307978868484 0.07692307978868484 -0.025641025975346565
0.07692307978868484 0.07692307978868484 0.025641025975346565
0.07692307978868484 0.07692307978868484 0.07692307978868484
0.07692307978868484 0.07692307978868484 0.12820513546466827
0.07692307978868484 0.07692307978868484 0.1794871836900711
0.07692307978868484 0.07692307978868484 0.23076923191547394
0.07692307978868484 0.07692307978868484 0.28205129504203796
0.07692307978868484 0.12820513546466827 -0.28205129504203796
0.07692307978868484 0.12820513546466827 -0.23076923191547394
0.07692307978868484 0.12820513546466827 -0.1794871836900711
0.07692307978868484 0.12820513546466827 -0.12820513546466827
0.07692307978868484 0.12820513546466827 -0.07692307978868484
0.07692307978868484 0.12820513546466827 -0.025641025975346565
0.07692307978868484 0.12820513546466827 0.025641025975346565
0.07692307978868484 0.12820513546466827 0.07692307978868484
0.07692307978868484 0.12820513546466827 0.12820513546466827
0.07692307978868484 0.12820513546466827 0.1794871836900711
0.07692307978868484 0.12820513546466827 0.23076923191547394
0.07692307978868484 0.12820513546466827 0.28205129504203796
0.07692307978868484 0.1794871836900711 -0.28205129504203796
0.07692307978868484 0.1794871836900711 -0.23076923191547394
0.07692307978868484 0.1794871836900711 -0.1794871836900711
0.07692307978868484 0.1794871836900711 -0.12820513546466827
0.07692307978868484 0.1794871836900711 -0.07692307978868484
0.07692307978868484 0.1794871836900711 -0.025641025975346565
0.07692307978868484 0.1794871836900711 0.025641025975346565
0.07692307978868484 0.1794871836900711 0.07692307978868484
0.07692307978868484 0.1794871836900711 0.12820513546466827
0.07692307978868484 0.1794871836900711 0.1794871836900711
0.07692307978868484 0.1794871836900711 0.23076923191547394
0.07692307978868484 0.1794871836900711 0.28205129504203796
0.07692307978868484 0.1794871836900711 0.3333333432674408
0.07692307978868484 0.23076923191547394 -0.3333333432674408
0.07692307978868484 0.23076923191547394 -0.28205129504203796
0.07692307978868484 0.23076923191547394 -0.23076923191547394
0.07692307978868484 0.23076923191547394 -0.1794871836900711
0.07692307978868484 0.23076923191547394 -0.12820513546466827
0.07692307978868484 0.23076923191547394 -0.07692307978868484
0.07692307978868484 0.23076923191547394 -0.025641025975346565
0.07692307978868484 0.23076923191547394 0.025641025975346565
0.07692307978868484 0.23076923191547394 0.07692307978868484
0.07692307978868484 0.23076923191547394 0.12820513546466827
0.07692307978868484 0.23076923191547394 0.1794871836900711
0.07692307978868484 0.23076923191547394 0.23076923191547394
0.07692307978868484 0.23076923191547394 0.28205129504203796
0.07692307978868484 0.23076923191547394 0.3333333432674408
0.07692307978868484 0.28205129504203796 -0.3333333432674408
0.07692307978868484 0.28205129504203796 -0.28205129504203796
0.07692307978868484 0.28205129504203796 -0.23076923191547394
0.07692307978868484 0.28205129504203796 -0.1794871836900711
0.07692307978868484 0.28205129504203796 -0.12820513546466827
0.07692307978868484 0.28205129504203796 -0.07692307978868484
0.07692307978868484 0.28205129504203796 -0.025641025975346565
0.07692307978868484 0.28205129504203796 0.025641025975346565
0.07692307978868484 0.28205129504203796 0.07692307978868484
0.07692307978868484 0.28205129504203796 0.12820513546466827
0.07692307978868484 0.28205129504203796 0.1794871836900711
0.07692307978868484 0.28205129504203796 0.23076923191547394
0.07692307978868484 0.28205129504203796 0.28205129504203796
0.07692307978868484 0.28205129504203796 0.3333333432674408
0.07692307978868484 0.28205129504203796 0.38461539149284363
0.07692307978868484 0.3333333432674408 -0.38461539149284363
0.07692307978868484 0.3333333432674408 -0.3333333432674408
0.07692307978868484 0.3333333432674408 -0.28205129504203796
0.07692307978868484 0.3333333432674408 -0.23076923191547394
0.07692307978868484 0.3333333432674408 -0.1794871836900711
0.07692307978868484 0.3333333432674408 -0.12820513546466827
0.07692307978868484 0.3333333432674408 -0.07692307978868484
0.07692307978868484 0.3333333432674408 -0.025641025975346565
0.07692307978868484 0.3333333432674408 0.025641025975346565
0.07692307978868484 0.3333333432674408 0.07692307978868484
0.07692307978868484 0.3333333432674408 0.12820513546466827
0.07692307978868484 0.3333333432674408 0.1794871836900711
0.07692307978868484 0.3333333432674408 0.23076923191547394
0.07692307978868484 0.3333333432674408 0.28205129504203796
0.07692307978868484 0.3333333432674408 0.3333333432674408
0.07692307978868484 0.3333333432674408 0.38461539149284363
0.07692307978868484 0.38461539149284363 -0.38461539149284363
0.07692307978868484 0.38461539149284363 -0.3333333432674408
0.07692307978868484 0.38461539149284363 -0.28205129504203796
0.07692307978868484 0.38461539149284363 -0.23076923191547394
0.07692307978868484 0.38461539149284363 -0.1794871836900711
0.07692307978868484 0.38461539149284363 -0.12820513546466827
0.07692307978868484 0.38461539149284363 -0.07692307978868484
0.07692307978868484 0.38461539149284363 -0.025641025975346565
0.07692307978868484 0.38461539149284363 0.025641025975346565
0.07692307978868484 0.38461539149284363 0.07692307978868484
0.07692307978868484 0.38461539149284363 0.12820513546466827
0.07692307978868484 0.38461539149284363 0.1794871836900711
0.07692307978868484 0.38461539149284363 0.23076923191547394
0.07692307978868484 0.38461539149284363 0.28205129504203796
0.07692307978868484 0.38461539149284363 0.3333333432674408
0.07692307978868484 0.38461539149284363 0.38461539149284363
0.07692307978868484 0.38461539149284363 0.43589743971824646
0.07692307978868484 0.43589743971824646 -0.43589743971824646
0.07692307978868484 0.43589743971824646 -0.38461539149284363
0.07692307978868484 0.43589743971824646 -0.3333333432674408
0.07692307978868484 0.43589743971824646 -0.28205129504203796
0.07692307978868484 0.43589743971824646 -0.23076923191547394
0.07692307978868484 0.43589743971824646 -0.1794871836900711
0.07692307978868484 0.43589743971824646 -0.12820513546466827
0.07692307978868484 0.43589743971824646 -0.07692307978868484
0.07692307978868484 0.43589743971824646 -0.025641025975346565
0.07692307978868484 0.43589743971824646 0.025641025975346565
0.07692307978868484 0.43589743971824646 0.07692307978868484
0.07692307978868484 0.43589743971824646 0.12820513546466827
0.07692307978868484 0.43589743971824646 0.1794871836900711
0.07692307978868484 0.43589743971824646 0.23076923191547394
0.07692307978868484 0.43589743971824646 0.28205129504203796
0.07692307978868484 0.43589743971824646 0.3333333432674408
0.07692307978868484 0.43589743971824646 0.38461539149284363
0.07692307978868484 0.43589743971824646 0.43589743971824646
0.07692307978868484 0.43589743971824646 0.4871794879436493
0.07692307978868484 0.4871794879436493 -0.43589743971824646
0.07692307978868484 0.4871794879436493 -0.38461539149284363
0.07692307978868484 0.4871794879436493 -0.3333333432674408
0.07692307978868484 0.4871794879436493 -0.28205129504203796
0.07692307978868484 0.4871794879436493 -0.23076923191547394
0.07692307978868484 0.4871794879436493 -0.1794871836900711
0.07692307978868484 0.4871794879436493 -0.12820513546466827
0.07692307978868484 0.4871794879436493 -0.07692307978868484
0.07692307978868484 0.4871794879436493 -0.025641025975346565
0.07692307978868484 0.4871794879436493 0.025641025975346565
0.07692307978868484 0.4871794879436493 0.07692307978868484
0.07692307978868484 0.4871794879436493 0.12820513546466827
0.07692307978868484 0.4871794879436493 0.1794871836900711
0.07692307978868484 0.4871794879436493 0.23076923191547394
0.07692307978868484 0.4871794879436493 0.28205129504203796
0.07692307978868484 0.4871794879436493 0.3333333432674408
0.07692307978868484 0.4871794879436493 0.38461539149284363
0.07692307978868484 0.4871794879436493 0.43589743971824646
0.07692307978868484 0.4871794879436493 0.4871794879436493
0.07692307978868484 0.5384615659713745 -0.4871794879436493
0.07692307978868484 0.5384615659713745 -0.43589743971824646
0.07692307978868484 0.5384615659713745 -0.38461539149284363
0.07692307978868484 0.5384615659713745 -0.3333333432674408
0.07692307978868484 0.5384615659713745 -0.28205129504203796
0.07692307978868484 0.5384615659713745 -0.23076923191547394
0.07692307978868484 0.5384615659713745 -0.1794871836900711
0.07692307978868484 0.5384615659713745 -0.12820513546466827
0.07692307978868484 0.5384615659713745 -0.07692307978868484
0.07692307978868484 0.5384615659713745 -0.025641025975346565
0.07692307978868484 0.5384615659713745 0.025641025975346565
0.07692307978868484 0.5384615659713745 0.07692307978868484
0.07692307978868484 0.5384615659713745 0.12820513546466827
0.07692307978868484 0.5384615659713745 0.1794871836900711
0.07692307978868484 0.5384615659713745 0.23076923191547394
0.07692307978868484 0.5384615659713745 0.28205129504203796
0.07692307978868484 0.5384615659713745 0.3333333432674408
0.07692307978868484 0.5384615659713745 0.38461539149284363
0.07692307978868484 0.5384615659713745 0.43589743971824646
0.07692307978868484 0.5384615659713745 0.4871794879436493
0.07692307978868484 0.5897436141967773 -0.3333333432674408
0.07692307978868484 0.5897436141967773 -0.28205129504203796
0.07692307978868484 0.5897436141967773 -0.23076923191547394
0.07692307978868484 0.5897436141967773 -0.1794871836900711
0.07692307978868484 0.5897436141967773 -0.12820513546466827
0.07692307978868484 0.5897436141967773 -0.07692307978868484
0.07692307978868484 0.5897436141967773 -0.025641025975346565
0.07692307978868484 0.5897436141967773 0.025641025975346565
0.07692307978868484 0.5897436141967773 0.07692307978868484
0.07692307978868484 0.5897436141967773 0.12820513546466827
0.07692307978868484 0.5897436141967773 0.1794871836900711
0.07692307978868484 0.5897436141967773 0.23076923191547394
0.07692307978868484 0.5897436141967773 0.28205129504203796
0.07692307978868484 0.5897436141967773 0.3333333432674408
0.07692307978868484 0.6410256624221802 -0.12820513546466827
0.07692307978868484 0.6410256624221802 -0.07692307978868484
0.07692307978868484 0.6410256624221802 -0.025641025975346565
0.07692307978868484 0.6410256624221802 0.025641025975346565
0.07692307978868484 0.6410256624221802 0.07692307978868484
0.07692307978868484 0.6410256624221802 0.12820513546466827
0.12820513546466827 -0.23076923191547394 -0.07692307978868484
0.12820513546466827 -0.23076923191547394 -0.025641025975346565
0.12820513546466827 -0.23076923191547394 0.025641025975346565
0.12820513546466827 -0.23076923191547394 0.07692307978868484
0.12820513546466827 -0.1794871836900711 -0.12820513546466827
0.12820513546466827 -0.1794871836900711 -0.07692307978868484
0.12820513546466827 -0.1794871836900711 -0.025641025975346565
0.12820513546466827 -0.1794871836900711 0.025641025975346565
0.12820513546466827 -0.1794871836900711 0.07692307978868484
0.12820513546466827 -0.1794871836900711 0.12820513546466827
0.12820513546466827 -0.12820513546466827 -0.12820513546466827
0.12820513546466827 -0.12820513546466827 -0.07692307978868484
0.12820513546466827 -0.12820513546466827 -0.025641025975346565
0.12820513546466827 -0.12820513546466827 0.025641025975346565
0.12820513546466827 -0.12820513546466827 0.07692307978868484
0.12820513546466827 -0.12820513546466827 0.12820513546466827
0.12820513546466827 -0.12820513546466827 0.1794871836900711
0.12820513546466827 -0.07692307978868484 -0.1794871836900711
0.12820513546466827 -0.07692307978868484 -0.12820513546466827
0.12820513546466827 -0.07692307978868484 -0.07692307978868484
0.12820513546466827 -0.07692307978868484 -0.025641025975346565
0.12820513546466827 -0.07692307978868484 0.025641025975346565
0.12820513546466827 -0.07692307978868484 0.07692307978868484
0.12820513546466827 -0.07692307978868484 0.12820513546466827
0.12820513546466827 -0.07692307978868484 0.1794871836900711
0.12820513546466827 -0.025641025975346565 -0.1794871836900711
0.12820513546466827 -0.025641025975346565 -0.12820513546466827
0.12820513546466827 -0.025641025975346565 -0.07692307978868484
0.12820513546466827 -0.025641025975346565 -0.025641025975346565
0.12820513546466827 -0.025641025975346565 0.025641025975346565
0.12820513546466827 -0.025641025975346565 0.07692307978868484
0.12820513546466827 -0.025641025975346565 0.12820513546466827
0.12820513546466827 -0.025641025975346565 0.1794871836900711
0.12820513546466827 -0.025641025975346565 0.23076923191547394
0.12820513546466827 0.025641025975346565 -0.23076923191547394
0.12820513546466827 0.025641025975346565 -0.1794871836900711
0.12820513546466827 0.025641025975346565 -0.12820513546466827
0.12820513546466827 0.025641025975346565 -0.07692307978868484
0.12820513546466827 0.025641025975346565 -0.025641025975346565
0.12820513546466827 0.025641025975346565 0.025641025975346565
0.12820513546466827 0.025641025975346565 0.07692307978868484
0.12820513546466827 0.025641025975346565 0.12820513546466827
0.12820513546466827 0.025641025975346565 0.1794871836900711
0.12820513546466827 0.025641025975346565 0.23076923191547394
0.12820513546466827 0.07692307978868484 -0.23076923191547394
0.12820513546466827 0.07692307978868484 -0.1794871836900711
0.12820513546466827 0.07692307978868484 -0.12820513546466827
0.12820513546466827 0.07692307978868484 -0.07692307978868484
0.12820513546466827 0.07692307978868484 -0.025641025975346565
0.12820513546466827 0.07692307978868484 0.025641025975346565
0.12820513546466827 0.07692307978868484 0.07692307978868484
0.12820513546466827 0.07692307978868484 0.12820513546466827
0.12820513546466827 0.07692307978868484 0.1794871836900711
0.12820513546466827 0.07692307978868484 0.23076923191547394
0.12820513546466827 0.07692307978868484 0.28205129504203796
0.12820513546466827 0.12820513546466827 -0.28205129504203796
0.12820513546466827 0.12820513546466827 -0.23076923191547394
0.12820513546466827 0.12820513546466827 -0.1794871836900711
0.12820513546466827 0.12820513546466827 -0.12820513546466827
0.12820513546466827 0.12820513546466827 -0.07692307978868484
0.12820513546466827 0.12820513546466827 -0.025641025975346565
0.12820513546466827 0.12820513546466827 0.025641025975346565
0.12820513546466827 0.12820513546466827 0.07692307978868484
0.12820513546466827 0.12820513546466827 0.12820513546466827
0.12820513546466827 0.12820513546466827 0.1794871836900711
0.12820513546466827 0.12820513546466827 0.23076923191547394
0.12820513546466827 0.12820513546466827 0.28205129504203796
0.12820513546466827 0.1794871836900711 -0.28205129504203796
0.12820513546466827 0.1794871836900711 -0.23076923191547394
0.12820513546466827 0.1794871836900711 -0.1794871836900711
0.12820513546466827 0.1794871836900711 -0.12820513546466827
0.12820513546466827 0.1794871836900711 -0.07692307978868484
0.12820513546466827 0.1794871836900711 -0.025641025975346565
0.12820513546466827 0.1794871836900711 0.025641025975346565
0.12820513546466827 0.1794871836900711 0.07692307978868484
0.12820513546466827 0.1794871836900711 0.12820513546466827
0.12820513546466827 0.1794871836900711 0.1794871836900711
0.12820513546466827 0.1794871836900711 0.23076923191547394
0.12820513546466827 0.1794871836900711 0.28205129504203796
0.12820513546466827 0.1794871836900711 0.3333333432674408
0.12820513546466827 0.23076923191547394 -0.3333333432674408
0.12820513546466827 0.23076923191547394 -0.28205129504203796
0.12820513546466827 0.23076923191547394 -0.23076923191547394
0.12820513546466827 0.23076923191547394 -0.1794871836900711
0.12820513546466827 0.23076923191547394 -0.12820513546466827
0.12820513546466827 0.23076923191547394 -0.07692307978868484
0.12820513546466827 0.23076923191547394 -0.025641025975346565
0.12820513546466827 0.23076923191547394 0.025641025975346565
0.12820513546466827 0.23076923191547394 0.07692307978868484
0.12820513546466827 0.23076923191547394 0.12820513546466827
0.12820513546466827 0.23076923191547394 0.1794871836900711
0.12820513546466827 0.23076923191547394 0.23076923191547394
0.12820513546466827 0.23076923191547394 0.28205129504203796
0.12820513546466827 0.23076923191547394 0.3333333432674408
0.12820513546466827 0.28205129504203796 -0.3333333432674408
0.12820513546466827 0.28205129504203796 -0.28205129504203796
0.12820513546466827 0.28205129504203796 -0.23076923191547394
0.12820513546466827 0.28205129504203796 -0.1794871836900711
0.12820513546466827 0.28205129504203796 -0.12820513546466827
0.12820513546466827 0.28205129504203796 -0.07692307978868484
0.12820513546466827 0.28205129504203796 -0.025641025975346565
0.12820513546466827 0.28205129504203796 0.025641025975346565
0.12820513546466827 0.28205129504203796 0.07692307978868484
0.12820513546466827 0.28205129504203796 0.12820513546466827
0.12820513546466827 0.28205129504203796 0.1794871836900711
0.12820513546466827 0.28205129504203796 0.23076923191547394
0.12820513546466827 0.28205129504203796 0.28205129504203796
0.12820513546466827 0.28205129504203796 0.3333333432674408
0.12820513546466827 0.28205129504203796 0.38461539149284363
0.12820513546466827 0.3333333432674408 -0.38461539149284363
0.12820513546466827 0.3333333432674408 -0.3333333432674408
0.12820513546466827 0.3333333432674408 -0.28205129504203796
0.12820513546466827 0.3333333432674408 -0.23076923191547394
0.12820513546466827 0.3333333432674408 -0.1794871836900711
0.12820513546466827 0.3333333432674408 -0.12820513546466827
0.12820513546466827 0.3333333432674408 -0.07692307978868484
0.12820513546466827 0.3333333432674408 -0.025641025975346565
0.12820513546466827 0.3333333432674408 0.025641025975346565
0.12820513546466827 0.3333333432674408 0.07692307978868484
0.12820513546466827 0.3333333432674408 0.12820513546466827
0.12820513546466827 0.3333333432674408 0.1794871836900711
0.12820513546466827 0.3333333432674408 0.23076923191547394
0.12820513546466827 0.3333333432674408 0.28205129504203796
0.12820513546466827 0.3333333432674408 0.3333333432674408
0.12820513546466827 0.3333333432674408 0.38461539149284363
0.12820513546466827 0.38461539149284363 -0.38461539149284363
0.12820513546466827 0.38461539149284363 -0.3333333432674408
0.12820513546466827 0.38461539149284363 -0.28205129504203796
0.12820513546466827 0.38461539149284363 -0.23076923191547394
0.12820513546466827 0.38461539149284363 -0.1794871836900711
0.12820513546466827 0.38461539149284363 -0.12820513546466827
0.12820513546466827 0.38461539149284363 -0.07692307978868484
0.12820513546466827 0.38461539149284363 -0.025641025975346565
0.12820513546466827 0.38461539149284363 0.025641025975346565
0.12820513546466827 0.38461539149284363 0.07692307978868484
0.12820513546466827 0.38461539149284363 0.12820513546466827
0.12820513546466827 0.38461539149284363 0.1794871836900711
0.12820513546466827 0.38461539149284363 0.23076923191547394
0.12820513546466827 0.38461539149284363 0.28205129504203796
0.12820513546466827 0.38461539149284363 0.3333333432674408
0.12820513546466827 0.38461539149284363 0.38461539149284363
0.12820513546466827 0.38461539149284363 0.43589743971824646
0.12820513546466827 0.43589743971824646 -0.43589743971824646
0.12820513546466827 0.43589743971824646 -0.38461539149284363
0.12820513546466827 0.43589743971824646 -0.3333333432674408
0.12820513546466827 0.43589743971824646 -0.28205129504203796
0.12820513546466827 0.43589743971824646 -0.23076923191547394
0.12820513546466827 0.43589743971824646 -0.1794871836900711
0.12820513546466827 0.43589743971824646 -0.12820513546466827
0.12820513546466827 0.43589743971824646 -0.07692307978868484
0.12820513546466827 0.43589743971824646 -0.025641025975346565
0.12820513546466827 0.43589743971824646 0.025641025975346565
0.12820513546466827 0.43589743971824646 0.07692307978868484
0.12820513546466827 0.43589743971824646 0.12820513546466827
0.12820513546466827 0.43589743971824646 0.1794871836900711
0.12820513546466827 0.43589743971824646 0.23076923191547394
0.12820513546466827 0.43589743971824646 0.28205129504203796
0.12820513546466827 0.43589743971824646 0.3333333432674408
0.12820513546466827 0.43589743971824646 0.38461539149284363
0.12820513546466827 0.43589743971824646 0.43589743971824646
0.12820513546466827 0.4871794879436493 -0.43589743971824646
0.12820513546466827 0.4871794879436493 -0.38461539149284363
0.12820513546466827 0.4871794879436493 -0.3333333432674408
0.12820513546466827 0.4871794879436493 -0.28205129504203796
0.12820513546466827 0.4871794879436493 -0.23076923191547394
0.12820513546466827 0.4871794879436493 -0.1794871836900711
0.12820513546466827 0.4871794879436493 -0.12820513546466827
0.12820513546466827 0.4871794879436493 -0.07692307978868484
0.12820513546466827 0.4871794879436493 -0.025641025975346565
0.12820513546466827 0.4871794879436493 0.025641025975346565
0.12820513546466827 0.4871794879436493 0.07692307978868484
0.12820513546466827 0.4871794879436493 0.12820513546466827
0.12820513546466827 0.4871794879436493 0.1794871836900711
0.12820513546466827 0.4871794879436493 0.23076923191547394
0.12820513546466827 0.4871794879436493 0.28205129504203796
0.12820513546466827 0.4871794879436493 0.3333333432674408
0.12820513546466827 0.4871794879436493 0.38461539149284363
0.12820513546466827 0.4871794879436493 0.43589743971824646
0.12820513546466827 0.4871794879436493 0.4871794879436493
0.12820513546466827 0.5384615659713745 -0.4871794879436493
0.12820513546466827 0.5384615659713745 -0.43589743971824646
0.12820513546466827 0.5384615659713745 -0.38461539149284363
0.12820513546466827 0.5384615659713745 -0.3333333432674408
0.12820513546466827 0.5384615659713745 -0.28205129504203796
0.12820513546466827 0.5384615659713745 -0.23076923191547394
0.12820513546466827 0.5384615659713745 -0.1794871836900711
0.12820513546466827 0.5384615659713745 -0.12820513546466827
0.12820513546466827 0.5384615659713745 -0.07692307978868484
0.12820513546466827 0.5384615659713745 -0.025641025975346565
0.12820513546466827 0.5384615659713745 0.025641025975346565
0.12820513546466827 0.5384615659713745 0.07692307978868484
0.12820513546466827 0.5384615659713745 0.12820513546466827
0.12820513546466827 0.5384615659713745 0.1794871836900711
0.12820513546466827 0.5384615659713745 0.23076923191547394
0.12820513546466827 0.5384615659713745 0.28205129504203796
0.12820513546466827 0.5384615659713745 0.3333333432674408
0.12820513546466827 0.5384615659713745 0.38461539149284363
0.12820513546466827 0.5384615659713745 0.43589743971824646
0.12820513546466827 0.5384615659713745 0.4871794879436493
0.12820513546466827 0.5897436141967773 -0.3333333432674408
0.12820513546466827 0.5897436141967773 -0.28205129504203796
0.12820513546466827 0.5897436141967773 -0.23076923191547394
0.12820513546466827 0.5897436141967773 -0.1794871836900711
0.12820513546466827 0.5897436141967773 -0.12820513546466827
0.12820513546466827 0.5897436141967773 -0.07692307978868484
0.12820513546466827 0.5897436141967773 -0.025641025975346565
0.12820513546466827 0.5897436141967773 0.025641025975346565
0.12820513546466827 0.5897436141967773 0.07692307978868484
0.12820513546466827 0.5897436141967773 0.12820513546466827
0.12820513546466827 0.5897436141967773 0.1794871836900711
0.12820513546466827 0.5897436141967773 0.23076923191547394
0.12820513546466827 0.5897436141967773 0.28205129504203796
0.12820513546466827 0.5897436141967773 0.3333333432674408
0.12820513546466827 0.6410256624221802 -0.07692307978868484
0.12820513546466827 0.6410256624221802 -0.025641025975346565
0.12820513546466827 0.6410256624221802 0.025641025975346565
0.12820513546466827 0.6410256624221802 0.07692307978868484
0.1794871836900711 -0.12820513546466827 -0.12820513546466827
0.1794871836900711 -0.12820513546466827 -0.07692307978868484
0.1794871836900711 -0.12820513546466827 -0.025641025975346565
0.1794871836900711 -0.12820513546466827 0.025641025975346565
0.1794871836900711 -0.07692307978868484 -0.1794871836900711
0.1794871836900711 -0.07692307978868484 -0.12820513546466827
0.1794871836900711 -0.07692307978868484 -0.07692307978868484
0.1794871836900711 -0.07692307978868484 -0.025641025975346565
0.1794871836900711 -0.07692307978868484 0.025641025975346565
0.1794871836900711 -0.07692307978868484 0.07692307978868484
0.1794871836900711 -0.07692307978868484 0.12820513546466827
0.1794871836900711 -0.07692307978868484 0.1794871836900711
0.1794871836900711 -0.025641025975346565 -0.1794871836900711
0.1794871836900711 -0.025641025975346565 -0.12820513546466827
0.1794871836900711 -0.025641025975346565 -0.07692307978868484
0.1794871836900711 -0.025641025975346565 -0.025641025975346565
0.1794871836900711 -0.025641025975346565 0.025641025975346565
0.1794871836900711 -0.025641025975346565 0.07692307978868484
0.1794871836900711 -0.025641025975346565 0.12820513546466827
0.1794871836900711 -0.025641025975346565 0.1794871836900711
0.1794871836900711 -0.025641025975346565 0.23076923191547394
0.1794871836900711 0.025641025975346565 -0.23076923191547394
0.1794871836900711 0.025641025975346565 -0.1794871836900711
0.1794871836900711 0.025641025975346565 -0.12820513546466827
0.1794871836900711 0.025641025975346565 -0.07692307978868484
0.1794871836900711 0.025641025975346565 -0.025641025975346565
0.1794871836900711 0.025641025975346565 0.025641025975346565
0.1794871836900711 0.025641025975346565 0.07692307978868484
0.1794871836900711 0.025641025975346565 0.12820513546466827
0.1794871836900711 0.025641025975346565 0.1794871836900711
0.1794871836900711 0.025641025975346565 0.23076923191547394
0.1794871836900711 0.07692307978868484 -0.23076923191547394
0.1794871836900711 0.07692307978868484 -0.1794871836900711
0.1794871836900711 0.07692307978868484 -0.12820513546466827
0.1794871836900711 0.07692307978868484 -0.07692307978868484
0.1794871836900711 0.07692307978868484 -0.025641025975346565
0.1794871836900711 0.07692307978868484 0.025641025975346565
0.1794871836900711 0.07692307978868484 0.07692307978868484
0.1794871836900711 0.07692307978868484 0.12820513546466827
0.1794871836900711 0.07692307978868484 0.1794871836900711
0.1794871836900711 0.07692307978868484 0.23076923191547394
0.1794871836900711 0.07692307978868484 0.28205129504203796
0.1794871836900711 0.12820513546466827 -0.28205129504203796
0.1794871836900711 0.12820513546466827 -0.23076923191547394
0.1794871836900711 0.12820513546466827 -0.1794871836900711
0.1794871836900711 0.12820513546466827 -0.12820513546466827
0.1794871836900711 0.12820513546466827 -0.07692307978868484
0.1794871836900711 0.12820513546466827 -0.025641025975346565
0.1794871836900711 0.12820513546466827 0.025641025975346565
0.1794871836900711 0.12820513546466827 0.07692307978868484
0.1794871836900711 0.12820513546466827 0.12820513546466827
0.1794871836900711 0.12820513546466827 0.1794871836900711
0.1794871836900711 0.12820513546466827 0.23076923191547394
0.1794871836900711 0.12820513546466827 0.28205129504203796
0.1794871836900711 0.1794871836900711 -0.28205129504203796
0.1794871836900711 0.1794871836900711 -0.23076923191547394
0.1794871836900711 0.1794871836900711 -0.1794871836900711
0.1794871836900711 0.1794871836900711 -0.12820513546466827
0.1794871836900711 0.1794871836900711 -0.07692307978868484
0.1794871836900711 0.1794871836900711 -0.025641025975346565
0.1794871836900711 0.1794871836900711 0.025641025975346565
0.1794871836900711 0.1794871836900711 0.07692307978868484
0.1794871836900711 0.1794871836900711 0.12820513546466827
0.1794871836900711 0.1794871836900711 0.1794871836900711
0.1794871836900711 0.1794871836900711 0.23076923191547394
0.1794871836900711 0.1794871836900711 0.28205129504203796
0.1794871836900711 0.1794871836900711 0.3333333432674408
0.1794871836900711 0.23076923191547394 -0.3333333432674408
0.1794871836900711 0.23076923191547394 -0.28205129504203796
0.1794871836900711 0.23076923191547394 -0.23076923191547394
0.1794871836900711 0.23076923191547394 -0.1794871836900711
0.1794871836900711 0.23076923191547394 -0.12820513546466827
0.1794871836900711 0.23076923191547394 -0.07692307978868484
0.1794871836900711 0.23076923191547394 -0.025641025975346565
0.1794871836900711 0.23076923191547394 0.025641025975346565
0.1794871836900711 0.23076923191547394 0.07692307978868484
0.1794871836900711 0.23076923191547394 0.12820513546466827
0.1794871836900711 0.23076923191547394 0.1794871836900711
0.1794871836900711 0.23076923191547394 0.23076923191547394
0.1794871836900711 0.23076923191547394 0.28205129504203796
0.1794871836900711 0.23076923191547394 0.3333333432674408
0.1794871836900711 0.28205129504203796 -0.3333333432674408
0.1794871836900711 0.28205129504203796 -0.28205129504203796
0.1794871836900711 0.28205129504203796 -0.23076923191547394
0.1794871836900711 0.28205129504203796 -0.1794871836900711
0.1794871836900711 0.28205129504203796 -0.12820513546466827
0.1794871836900711 0.28205129504203796 -0.07692307978868484
0.1794871836900711 0.28205129504203796 -0.025641025975346565
0.1794871836900711 0.28205129504203796 0.025641025975346565
0.1794871836900711 0.28205129504203796 0.07692307978868484
0.1794871836900711 0.28205129504203796 0.12820513546466827
0.1794871836900711 0.28205129504203796 0.1794871836900711
0.1794871836900711 0.28205129504203796 0.23076923191547394
0.1794871836900711 0.28205129504203796 0.28205129504203796
0.1794871836900711 0.28205129504203796 0.3333333432674408
0.1794871836900711 0.28205129504203796 0.38461539149284363
0.1794871836900711 0.3333333432674408 -0.38461539149284363
0.1794871836900711 0.3333333432674408 -0.3333333432674408
0.1794871836900711 0.3333333432674408 -0.28205129504203796
0.1794871836900711 0.3333333432674408 -0.23076923191547394
0.1794871836900711 0.3333333432674408 -0.1794871836900711
0.1794871836900711 0.3333333432674408 -0.12820513546466827
0.1794871836900711 0.3333333432674408 -0.07692307978868484
0.1794871836900711 0.3333333432674408 -0.025641025975346565
0.1794871836900711 0.3333333432674408 0.025641025975346565
0.1794871836900711 0.3333333432674408 0.07692307978868484
0.1794871836900711 0.3333333432674408 0.12820513546466827
0.1794871836900711 0.3333333432674408 0.1794871836900711
0.1794871836900711 0.3333333432674408 0.23076923191547394
0.1794871836900711 0.3333333432674408 0.28205129504203796
0.1794871836900711 0.3333333432674408 0.3333333432674408
0.1794871836900711 0.3333333432674408 0.38461539149284363
0.1794871836900711 0.38461539149284363 -0.38461539149284363
0.1794871836900711 0.38461539149284363 -0.3333333432674408
0.1794871836900711 0.38461539149284363 -0.28205129504203796
0.1794871836900711 0.38461539149284363 -0.23076923191547394
0.1794871836900711 0.38461539149284363 -0.1794871836900711
0.1794871836900711 0.38461539149284363 -0.12820513546466827
0.1794871836900711 0.38461539149284363 -0.07692307978868484
0.1794871836900711 0.38461539149284363 -0.025641025975346565
0.1794871836900711 0.38461539149284363 0.025641025975346565
0.1794871836900711 0.38461539149284363 0.07692307978868484
0.1794871836900711 0.38461539149284363 0.12820513546466827
0.1794871836900711 0.38461539149284363 0.1794871836900711
0.1794871836900711 0.38461539149284363 0.23076923191547394
0.1794871836900711 0.38461539149284363 0.28205129504203796
0.1794871836900711 0.38461539149284363 0.3333333432674408
0.1794871836900711 0.38461539149284363 0.38461539149284363
0.1794871836900711 0.38461539149284363 0.43589743971824646
0.1794871836900711 0.43589743971824646 -0.43589743971824646
0.1794871836900711 0.43589743971824646 -0.38461539149284363
0.1794871836900711 0.43589743971824646 -0.3333333432674408
0.1794871836900711 0.43589743971824646 -0.28205129504203796
0.1794871836900711 0.43589743971824646 -0.23076923191547394
0.1794871836900711 0.43589743971824646 -0.1794871836900711
0.1794871836900711 0.43589743971824646 -0.12820513546466827
0.1794871836900711 0.43589743971824646 -0.07692307978868484
0.1794871836900711 0.43589743971824646 -0.025641025975346565
0.1794871836900711 0.43589743971824646 0.025641025975346565
0.1794871836900711 0.43589743971824646 0.07692307978868484
0.1794871836900711 0.43589743971824646 0.12820513546466827
0.1794871836900711 0.43589743971824646 0.1794871836900711
0.1794871836900711 0.43589743971824646 0.23076923191547394
0.1794871836900711 0.43589743971824646 0.28205129504203796
0.1794871836900711 0.43589743971824646 0.3333333432674408
0.1794871836900711 0.43589743971824646 0.38461539149284363
0.1794871836900711 0.43589743971824646 0.43589743971824646
0.1794871836900711 0.4871794879436493 -0.43589743971824646
0.1794871836900711 0.4871794879436493 -0.38461539149284363
0.1794871836900711 0.4871794879436493 -0.3333333432674408
0.1794871836900711 0.4871794879436493 -0.28205129504203796
0.1794871836900711 0.4871794879436493 -0.23076923191547394
0.1794871836900711 0.4871794879436493 -0.1794871836900711
0.1794871836900711 0.4871794879436493 -0.12820513546466827
0.1794871836900711 0.4871794879436493 -0.07692307978868484
0.1794871836900711 0.4871794879436493 -0.025641025975346565
0.1794871836900711 0.4871794879436493 0.025641025975346565
0.1794871836900711 0.4871794879436493 0.07692307978868484
0.1794871836900711 0.4871794879436493 0.12820513546466827
0.1794871836900711 0.4871794879436493 0.1794871836900711
0.1794871836900711 0.4871794879436493 0.23076923191547394
0.1794871836900711 0.4871794879436493 0.28205129504203796
0.1794871836900711 0.4871794879436493 0.3333333432674408
0.1794871836900711 0.4871794879436493 0.38461539149284363
0.1794871836900711 0.4871794879436493 0.43589743971824646
0.1794871836900711 0.4871794879436493 0.4871794879436493
0.1794871836900711 0.5384615659713745 -0.4871794879436493
0.1794871836900711 0.5384615659713745 -0.43589743971824646
0.1794871836900711 0.5384615659713745 -0.38461539149284363
0.1794871836900711 0.5384615659713745 -0.3333333432674408
0.1794871836900711 0.5384615659713745 -0.28205129504203796
0.1794871836900711 0.5384615659713745 -0.23076923191547394
0.1794871836900711 0.5384615659713745 -0.1794871836900711
0.1794871836900711 0.5384615659713745 -0.12820513546466827
0.1794871836900711 0.5384615659713745 -0.07692307978868484
0.1794871836900711 0.5384615659713745 -0.025641025975346565
0.1794871836900711 0.5384615659713745 0.025641025975346565
0.1794871836900711 0.5384615659713745 0.07692307978868484
0.1794871836900711 0.5384615659713745 0.12820513546466827
0.1794871836900711 0.5384615659713745 0.1794871836900711
0.1794871836900711 0.5384615659713745 0.23076923191547394
0.1794871836900711 0.5384615659713745 0.28205129504203796
0.1794871836900711 0.5384615659713745 0.3333333432674408
0.1794871836900711 0.5384615659713745 0.38461539149284363
0.1794871836900711 0.5384615659713745 0.43589743971824646
0.1794871836900711 0.5384615659713745 0.4871794879436493
0.1794871836900711 0.5897436141967773 -0.3333333432674408
0.1794871836900711 0.5897436141967773 -0.28205129504203796
0.1794871836900711 0.5897436141967773 -0.23076923191547394
0.1794871836900711 0.5897436141967773 -0.1794871836900711
0.1794871836900711 0.5897436141967773 -0.12820513546466827
0.1794871836900711 0.5897436141967773 -0.07692307978868484
0.1794871836900711 0.5897436141967773 -0.025641025975346565
0.1794871836900711 0.5897436141967773 0.025641025975346565
0.1794871836900711 0.5897436141967773 0.07692307978868484
0.1794871836900711 0.5897436141967773 0.12820513546466827
0.1794871836900711 0.5897436141967773 0.1794871836900711
0.1794871836900711 0.5897436141967773 0.23076923191547394
0.1794871836900711 0.5897436141967773 0.28205129504203796
0.1794871836900711 0.5897436141967773 0.3333333432674408
0.1794871836900711 0.6410256624221802 -0.025641025975346565
0.1794871836900711 0.6410256624221802 0.025641025975346565
0.23076923191547394 -0.025641025975346565 -0.1794871836900711
0.23076923191547394 -0.025641025975346565 -0.12820513546466827
0.23076923191547394 -0.025641025975346565 -0.07692307978868484
0.23076923191547394 -0.025641025975346565 -0.025641025975346565
0.23076923191547394 -0.025641025975346565 0.025641025975346565
0.23076923191547394 -0.025641025975346565 0.07692307978868484
0.23076923191547394 0.025641025975346565 -0.23076923191547394
0.23076923191547394 0.025641025975346565 -0.1794871836900711
0.23076923191547394 0.025641025975346565 -0.12820513546466827
0.23076923191547394 0.025641025975346565 -0.07692307978868484
0.23076923191547394 0.025641025975346565 -0.025641025975346565
0.23076923191547394 0.025641025975346565 0.025641025975346565
0.23076923191547394 0.025641025975346565 0.07692307978868484
0.23076923191547394 0.025641025975346565 0.12820513546466827
0.23076923191547394 0.025641025975346565 0.1794871836900711
0.23076923191547394 0.025641025975346565 0.23076923191547394
0.23076923191547394 0.07692307978868484 -0.23076923191547394
0.23076923191547394 0.07692307978868484 -0.1794871836900711
0.23076923191547394 0.07692307978868484 -0.12820513546466827
0.23076923191547394 0.07692307978868484 -0.07692307978868484
0.23076923191547394 0.07692307978868484 -0.025641025975346565
0.23076923191547394 0.07692307978868484 0.025641025975346565
0.23076923191547394 0.07692307978868484 0.07692307978868484
0.23076923191547394 0.07692307978868484 0.12820513546466827
0.23076923191547394 0.07692307978868484 0.1794871836900711
0.23076923191547394 0.07692307978868484 0.23076923191547394
0.23076923191547394 0.07692307978868484 0.28205129504203796
0.23076923191547394 0.12820513546466827 -0.28205129504203796
0.23076923191547394 0.12820513546466827 -0.23076923191547394
0.23076923191547394 0.12820513546466827 -0.1794871836900711
0.23076923191547394 0.12820513546466827 -0.12820513546466827
0.23076923191547394 0.12820513546466827 -0.07692307978868484
0.23076923191547394 0.12820513546466827 -0.025641025975346565
0.23076923191547394 0.12820513546466827 0.025641025975346565
0.23076923191547394 0.12820513546466827 0.07692307978868484
0.23076923191547394 0.12820513546466827 0.12820513546466827
0.23076923191547394 0.12820513546466827 0.1794871836900711
0.23076923191547394 0.12820513546466827 0.23076923191547394
0.23076923191547394 0.12820513546466827 0.28205129504203796
0.23076923191547394 0.1794871836900711 -0.28205129504203796
0.23076923191547394 0.1794871836900711 -0.23076923191547394
0.23076923191547394 0.1794871836900711 -0.1794871836900711
0.23076923191547394 0.1794871836900711 -0.12820513546466827
0.23076923191547394 0.1794871836900711 -0.07692307978868484
0.23076923191547394 0.1794871836900711 -0.025641025975346565
0.23076923191547394 0.1794871836900711 0.025641025975346565
0.23076923191547394 0.1794871836900711 0.07692307978868484
0.23076923191547394 0.1794871836900711 0.12820513546466827
0.23076923191547394 0.1794871836900711 0.1794871836900711
0.23076923191547394 0.1794871836900711 0.23076923191547394
0.23076923191547394 0.1794871836900711 0.28205129504203796
0.23076923191547394 0.1794871836900711 0.3333333432674408
0.23076923191547394 0.23076923191547394 -0.3333333432674408
0.23076923191547394 0.23076923191547394 -0.28205129504203796
0.23076923191547394 0.23076923191547394 -0.23076923191547394
0.23076923191547394 0.23076923191547394 -0.1794871836900711
0.23076923191547394 0.23076923191547394 -0.12820513546466827
0.23076923191547394 0.23076923191547394 -0.07692307978868484
0.23076923191547394 0.23076923191547394 -0.025641025975346565
0.23076923191547394 0.23076923191547394 0.025641025975346565
0.23076923191547394 0.23076923191547394 0.07692307978868484
0.23076923191547394 0.23076923191547394 0.12820513546466827
0.23076923191547394 0.23076923191547394 0.1794871836900711
0.23076923191547394 0.23076923191547394 0.23076923191547394
0.23076923191547394 0.23076923191547394 0.28205129504203796
0.23076923191547394 0.23076923191547394 0.3333333432674408
0.23076923191547394 0.28205129504203796 -0.3333333432674408
0.23076923191547394 0.28205129504203796 -0.28205129504203796
0.23076923191547394 0.28205129504203796 -0.23076923191547394
0.23076923191547394 0.28205129504203796 -0.1794871836900711
0.23076923191547394 0.28205129504203796 -0.12820513546466827
0.23076923191547394 0.28205129504203796 -0.07692307978868484
0.23076923191547394 0.28205129504203796 -0.025641025975346565
0.23076923191547394 0.28205129504203796 0.025641025975346565
0.23076923191547394 0.28205129504203796 0.07692307978868484
0.23076923191547394 0.28205129504203796 0.12820513546466827
0.23076923191547394 0.28205129504203796 0.1794871836900711
0.23076923191547394 0.28205129504203796 0.23076923191547394
0.23076923191547394 0.28205129504203796 0.28205129504203796
0.23076923191547394 0.28205129504203796 0.3333333432674408
0.23076923191547394 0.28205129504203796 0.38461539149284363
0.23076923191547394 0.3333333432674408 -0.38461539149284363
0.23076923191547394 0.3333333432674408 -0.3333333432674408
0.23076923191547394 0.3333333432674408 -0.28205129504203796
0.23076923191547394 0.3333333432674408 -0.23076923191547394
0.23076923191547394 0.3333333432674408 -0.1794871836900711
0.23076923191547394 0.3333333432674408 -0.12820513546466827
0.23076923191547394 0.3333333432674408 -0.07692307978868484
0.23076923191547394 0.3333333432674408 -0.025641025975346565
0.23076923191547394 0.3333333432674408 0.025641025975346565
0.23076923191547394 0.3333333432674408 0.07692307978868484
0.23076923191547394 0.3333333432674408 0.12820513546466827
0.23076923191547394 0.3333333432674408 0.1794871836900711
0.23076923191547394 0.3333333432674408 0.23076923191547394
0.23076923191547394 0.3333333432674408 0.28205129504203796
0.23076923191547394 0.3333333432674408 0.3333333432674408
0.23076923191547394 0.3333333432674408 0.38461539149284363
0.23076923191547394 0.38461539149284363 -0.38461539149284363
0.23076923191547394 0.38461539149284363 -0.3333333432674408
0.23076923191547394 0.38461539149284363 -0.28205129504203796
0.23076923191547394 0.38461539149284363 -0.23076923191547394
0.23076923191547394 0.38461539149284363 -0.1794871836900711
0.23076923191547394 0.38461539149284363 -0.12820513546466827
0.23076923191547394 0.38461539149284363 -0.07692307978868484
0.23076923191547394 0.38461539149284363 -0.025641025975346565
0.23076923191547394 0.38461539149284363 0.025641025975346565
0.23076923191547394 0.38461539149284363 0.07692307978868484
0.23076923191547394 0.38461539149284363 0.12820513546466827
0.23076923191547394 0.38461539149284363 0.1794871836900711
0.23076923191547394 0.38461539149284363 0.23076923191547394
0.23076923191547394 0.38461539149284363 0.28205129504203796
0.23076923191547394 0.38461539149284363 0.3333333432674408
0.23076923191547394 0.38461539149284363 0.38461539149284363
0.23076923191547394 0.38461539149284363 0.43589743971824646
0.23076923191547394 0.43589743971824646 -0.43589743971824646
0.23076923191547394 0.43589743971824646 -0.38461539149284363
0.23076923191547394 0.43589743971824646 -0.3333333432674408
0.23076923191547394 0.43589743971824646 -0.28205129504203796
0.23076923191547394 0.43589743971824646 -0.23076923191547394
0.23076923191547394 0.43589743971824646 -0.1794871836900711
0.23076923191547394 0.43589743971824646 -0.12820513546466827
0.23076923191547394 0.43589743971824646 -0.07692307978868484
0.23076923191547394 0.43589743971824646 -0.025641025975346565
0.23076923191547394 0.43589743971824646 0.025641025975346565
0.23076923191547394 0.43589743971824646 0.07692307978868484
0.23076923191547394 0.43589743971824646 0.12820513546466827
0.23076923191547394 0.43589743971824646 0.1794871836900711
0.23076923191547394 0.43589743971824646 0.23076923191547394
0.23076923191547394 0.43589743971824646 0.28205129504203796
0.23076923191547394 0.43589743971824646 0.3333333432674408
0.23076923191547394 0.43589743971824646 0.38461539149284363
0.23076923191547394 0.43589743971824646 0.43589743971824646
0.23076923191547394 0.4871794879436493 -0.43589743971824646
0.23076923191547394 0.4871794879436493 -0.38461539149284363
0.23076923191547394 0.4871794879436493 -0.3333333432674408
0.23076923191547394 0.4871794879436493 -0.28205129504203796
0.23076923191547394 0.4871794879436493 -0.23076923191547394
0.23076923191547394 0.4871794879436493 -0.1794871836900711
0.23076923191547394 0.4871794879436493 -0.12820513546466827
0.23076923191547394 0.4871794879436493 -0.07692307978868484
0.23076923191547394 0.4871794879436493 -0.025641025975346565
0.23076923191547394 0.4871794879436493 0.025641025975346565
0.23076923191547394 0.4871794879436493 0.07692307978868484
0.23076923191547394 0.4871794879436493 0.12820513546466827
0.23076923191547394 0.4871794879436493 0.1794871836900711
0.23076923191547394 0.4871794879436493 0.23076923191547394
0.23076923191547394 0.4871794879436493 0.28205129504203796
0.23076923191547394 0.4871794879436493 0.3333333432674408
0.23076923191547394 0.4871794879436493 0.38461539149284363
0.23076923191547394 0.4871794879436493 0.43589743971824646
0.23076923191547394 0.4871794879436493 0.4871794879436493
0.23076923191547394 0.5384615659713745 -0.4871794879436493
0.23076923191547394 0.5384615659713745 -0.43589743971824646
0.23076923191547394 0.5384615659713745 -0.38461539149284363
0.23076923191547394 0.5384615659713745 -0.3333333432674408
0.23076923191547394 0.5384615659713745 -0.28205129504203796
0.23076923191547394 0.5384615659713745 -0.23076923191547394
0.23076923191547394 0.5384615659713745 -0.1794871836900711
0.23076923191547394 0.5384615659713745 -0.12820513546466827
0.23076923191547394 0.5384615659713745 -0.07692307978868484
0.23076923191547394 0.5384615659713745 -0.025641025975346565
0.23076923191547394 0.5384615659713745 0.025641025975346565
0.23076923191547394 0.5384615659713745 0.07692307978868484
0.23076923191547394 0.5384615659713745 0.12820513546466827
0.23076923191547394 0.5384615659713745 0.1794871836900711
0.23076923191547394 0.5384615659713745 0.23076923191547394
0.23076923191547394 0.5384615659713745 0.28205129504203796
0.23076923191547394 0.5384615659713745 0.3333333432674408
0.23076923191547394 0.5384615659713745 0.38461539149284363
0.23076923191547394 0.5384615659713745 0.43589743971824646
0.23076923191547394 0.5384615659713745 0.4871794879436493
0.23076923191547394 0.5897436141967773 -0.28205129504203796
0.23076923191547394 0.5897436141967773 -0.23076923191547394
0.23076923191547394 0.5897436141967773 -0.1794871836900711
0.23076923191547394 0.5897436141967773 -0.12820513546466827
0.23076923191547394 0.5897436141967773 -0.07692307978868484
0.23076923191547394 0.5897436141967773 -0.025641025975346565
0.23076923191547394 0.5897436141967773 0.025641025975346565
0.23076923191547394 0.5897436141967773 0.07692307978868484
0.23076923191547394 0.5897436141967773 0.12820513546466827
0.23076923191547394 0.5897436141967773 0.1794871836900711
0.23076923191547394 0.5897436141967773 0.23076923191547394
0.23076923191547394 0.5897436141967773 0.28205129504203796
0.28205129504203796 0.07692307978868484 -0.23076923191547394
0.28205129504203796 0.07692307978868484 -0.1794871836900711
0.28205129504203796 0.07692307978868484 -0.12820513546466827
0.28205129504203796 0.07692307978868484 -0.07692307978868484
0.28205129504203796 0.07692307978868484 -0.025641025975346565
0.28205129504203796 0.07692307978868484 0.025641025975346565
0.28205129504203796 0.12820513546466827 -0.23076923191547394
0.28205129504203796 0.12820513546466827 -0.1794871836900711
0.28205129504203796 0.12820513546466827 -0.12820513546466827
0.28205129504203796 0.12820513546466827 -0.07692307978868484
0.28205129504203796 0.12820513546466827 -0.025641025975346565
0.28205129504203796 0.12820513546466827 0.025641025975346565
0.28205129504203796 0.12820513546466827 0.07692307978868484
0.28205129504203796 0.12820513546466827 0.12820513546466827
0.28205129504203796 0.12820513546466827 0.1794871836900711
0.28205129504203796 0.12820513546466827 0.23076923191547394
0.28205129504203796 0.12820513546466827 0.28205129504203796
0.28205129504203796 0.1794871836900711 -0.28205129504203796
0.28205129504203796 0.1794871836900711 -0.23076923191547394
0.28205129504203796 0.1794871836900711 -0.1794871836900711
0.28205129504203796 0.1794871836900711 -0.12820513546466827
0.28205129504203796 0.1794871836900711 -0.07692307978868484
0.28205129504203796 0.1794871836900711 -0.025641025975346565
0.28205129504203796 0.1794871836900711 0.025641025975346565
0.28205129504203796 0.1794871836900711 0.07692307978868484
0.28205129504203796 0.1794871836900711 0.12820513546466827
0.28205129504203796 0.1794871836900711 0.1794871836900711
0.28205129504203796 0.1794871836900711 0.23076923191547394
0.28205129504203796 0.1794871836900711 0.28205129504203796
0.28205129504203796 0.1794871836900711 0.3333333432674408
0.28205129504203796 0.23076923191547394 -0.28205129504203796
0.28205129504203796 0.23076923191547394 -0.23076923191547394
0.28205129504203796 0.23076923191547394 -0.1794871836900711
0.28205129504203796 0.23076923191547394 -0.12820513546466827
0.28205129504203796 0.23076923191547394 -0.07692307978868484
0.28205129504203796 0.23076923191547394 -0.025641025975346565
0.28205129504203796 0.23076923191547394 0.025641025975346565
0.28205129504203796 0.23076923191547394 0.07692307978868484
0.28205129504203796 0.23076923191547394 0.12820513546466827
0.28205129504203796 0.23076923191547394 0.1794871836900711
0.28205129504203796 0.23076923191547394 0.23076923191547394
0.28205129504203796 0.23076923191547394 0.28205129504203796
0.28205129504203796 0.23076923191547394 0.3333333432674408
0.28205129504203796 0.28205129504203796 -0.3333333432674408
0.28205129504203796 0.28205129504203796 -0.28205129504203796
0.28205129504203796 0.28205129504203796 -0.23076923191547394
0.28205129504203796 0.28205129504203796 -0.1794871836900711
0.28205129504203796 0.28205129504203796 -0.12820513546466827
0.28205129504203796 0.28205129504203796 -0.07692307978868484
0.28205129504203796 0.28205129504203796 -0.025641025975346565
0.28205129504203796 0.28205129504203796 0.025641025975346565
0.28205129504203796 0.28205129504203796 0.07692307978868484
0.28205129504203796 0.28205129504203796 0.12820513546466827
0.28205129504203796 0.28205129504203796 0.1794871836900711
0.28205129504203796 0.28205129504203796 0.23076923191547394
0.28205129504203796 0.28205129504203796 0.28205129504203796
0.28205129504203796 0.28205129504203796 0.3333333432674408
0.28205129504203796 0.28205129504203796 0.38461539149284363
0.28205129504203796 0.3333333432674408 -0.38461539149284363
0.28205129504203796 0.3333333432674408 -0.3333333432674408
0.28205129504203796 0.3333333432674408 -0.28205129504203796
0.28205129504203796 0.3333333432674408 -0.23076923191547394
0.28205129504203796 0.3333333432674408 -0.1794871836900711
0.28205129504203796 0.3333333432674408 -0.12820513546466827
0.28205129504203796 0.3333333432674408 -0.07692307978868484
0.28205129504203796 0.3333333432674408 -0.025641025975346565
0.28205129504203796 0.3333333432674408 0.025641025975346565
0.28205129504203796 0.3333333432674408 0.07692307978868484
0.28205129504203796 0.3333333432674408 0.12820513546466827
0.28205129504203796 0.3333333432674408 0.1794871836900711
0.28205129504203796 0.3333333432674408 0.23076923191547394
0.28205129504203796 0.3333333432674408 0.28205129504203796
0.28205129504203796 0.3333333432674408 0.3333333432674408
0.28205129504203796 0.3333333432674408 0.38461539149284363
0.28205129504203796 0.38461539149284363 -0.38461539149284363
0.28205129504203796 0.38461539149284363 -0.3333333432674408
0.28205129504203796 0.38461539149284363 -0.28205129504203796
0.28205129504203796 0.38461539149284363 -0.23076923191547394
0.28205129504203796 0.38461539149284363 -0.1794871836900711
0.28205129504203796 0.38461539149284363 -0.12820513546466827
0.28205129504203796 0.38461539149284363 -0.07692307978868484
0.28205129504203796 0.38461539149284363 -0.025641025975346565
0.28205129504203796 0.38461539149284363 0.025641025975346565
0.28205129504203796 0.38461539149284363 0.07692307978868484
0.28205129504203796 0.38461539149284363 0.12820513546466827
0.28205129504203796 0.38461539149284363 0.1794871836900711
0.28205129504203796 0.38461539149284363 0.23076923191547394
0.28205129504203796 0.38461539149284363 0.28205129504203796
0.28205129504203796 0.38461539149284363 0.3333333432674408
0.28205129504203796 0.38461539149284363 0.38461539149284363
0.28205129504203796 0.43589743971824646 -0.38461539149284363
0.28205129504203796 0.43589743971824646 -0.3333333432674408
0.28205129504203796 0.43589743971824646 -0.28205129504203796
0.28205129504203796 0.43589743971824646 -0.23076923191547394
0.28205129504203796 0.43589743971824646 -0.1794871836900711
0.28205129504203796 0.43589743971824646 -0.12820513546466827
0.28205129504203796 0.43589743971824646 -0.07692307978868484
0.28205129504203796 0.43589743971824646 -0.025641025975346565
0.28205129504203796 0.43589743971824646 0.025641025975346565
0.28205129504203796 0.43589743971824646 0.07692307978868484
0.28205129504203796 0.43589743971824646 0.12820513546466827
0.28205129504203796 0.43589743971824646 0.1794871836900711
0.28205129504203796 0.43589743971824646 0.23076923191547394
0.28205129504203796 0.43589743971824646 0.28205129504203796
0.28205129504203796 0.43589743971824646 0.3333333432674408
0.28205129504203796 0.43589743971824646 0.38461539149284363
0.28205129504203796 0.43589743971824646 0.43589743971824646
0.28205129504203796 0.4871794879436493 -0.43589743971824646
0.28205129504203796 0.4871794879436493 -0.38461539149284363
0.28205129504203796 0.4871794879436493 -0.3333333432674408
0.28205129504203796 0.4871794879436493 -0.28205129504203796
0.28205129504203796 0.4871794879436493 -0.23076923191547394
0.28205129504203796 0.4871794879436493 -0.1794871836900711
0.28205129504203796 0.4871794879436493 -0.12820513546466827
0.28205129504203796 0.4871794879436493 -0.07692307978868484
0.28205129504203796 0.4871794879436493 -0.025641025975346565
0.28205129504203796 0.4871794879436493 0.025641025975346565
0.28205129504203796 0.4871794879436493 0.07692307978868484
0.28205129504203796 0.4871794879436493 0.12820513546466827
0.28205129504203796 0.4871794879436493 0.1794871836900711
0.28205129504203796 0.4871794879436493 0.23076923191547394
0.28205129504203796 0.4871794879436493 0.28205129504203796
0.28205129504203796 0.4871794879436493 0.3333333432674408
0.28205129504203796 0.4871794879436493 0.38461539149284363
0.28205129504203796 0.4871794879436493 0.43589743971824646
0.28205129504203796 0.4871794879436493 0.4871794879436493
0.28205129504203796 0.5384615659713745 -0.43589743971824646
0.28205129504203796 0.5384615659713745 -0.38461539149284363
0.28205129504203796 0.5384615659713745 -0.3333333432674408
0.28205129504203796 0.5384615659713745 -0.28205129504203796
0.28205129504203796 0.5384615659713745 -0.23076923191547394
0.28205129504203796 0.5384615659713745 -0.1794871836900711
0.28205129504203796 0.5384615659713745 -0.12820513546466827
0.28205129504203796 0.5384615659713745 -0.07692307978868484
0.28205129504203796 0.5384615659713745 -0.025641025975346565
0.28205129504203796 0.5384615659713745 0.025641025975346565
0.28205129504203796 0.5384615659713745 0.07692307978868484
0.28205129504203796 0.5384615659713745 0.12820513546466827
0.28205129504203796 0.5384615659713745 0.1794871836900711
0.28205129504203796 0.5384615659713745 0.23076923191547394
0.28205129504203796 0.5384615659713745 0.28205129504203796
0.28205129504203796 0.5384615659713745 0.3333333432674408
0.28205129504203796 0.5384615659713745 0.38461539149284363
0.28205129504203796 0.5384615659713745 0.43589743971824646
0.28205129504203796 0.5384615659713745 0.4871794879436493
0.28205129504203796 0.5897436141967773 -0.23076923191547394
0.28205129504203796 0.5897436141967773 -0.1794871836900711
0.28205129504203796 0.5897436141967773 -0.12820513546466827
0.28205129504203796 0.5897436141967773 -0.07692307978868484
0.28205129504203796 0.5897436141967773 -0.025641025975346565
0.28205129504203796 0.5897436141967773 0.025641025975346565
0.28205129504203796 0.5897436141967773 0.07692307978868484
0.28205129504203796 0.5897436141967773 0.12820513546466827
0.28205129504203796 0.5897436141967773 0.1794871836900711
0.28205129504203796 0.5897436141967773 0.23076923191547394
0.3333333432674408 0.1794871836900711 -0.28205129504203796
0.3333333432674408 0.1794871836900711 -0.23076923191547394
0.3333333432674408 0.1794871836900711 -0.1794871836900711
0.3333333432674408 0.1794871836900711 -0.12820513546466827
0.3333333432674408 0.1794871836900711 -0.07692307978868484
0.3333333432674408 0.1794871836900711 -0.025641025975346565
0.3333333432674408 0.1794871836900711 0.025641025975346565
0.3333333432674408 0.23076923191547394 -0.28205129504203796
0.3333333432674408 0.23076923191547394 -0.23076923191547394
0.3333333432674408 0.23076923191547394 -0.1794871836900711
0.3333333432674408 0.23076923191547394 -0.12820513546466827
0.3333333432674408 0.23076923191547394 -0.07692307978868484
0.3333333432674408 0.23076923191547394 -0.025641025975346565
0.3333333432674408 0.23076923191547394 0.025641025975346565
0.3333333432674408 0.23076923191547394 0.07692307978868484
0.3333333432674408 0.23076923191547394 0.12820513546466827
0.3333333432674408 0.23076923191547394 0.1794871836900711
0.3333333432674408 0.23076923191547394 0.23076923191547394
0.3333333432674408 0.23076923191547394 0.28205129504203796
0.3333333432674408 0.23076923191547394 0.3333333432674408
0.3333333432674408 0.28205129504203796 -0.3333333432674408
0.3333333432674408 0.28205129504203796 -0.28205129504203796
0.3333333432674408 0.28205129504203796 -0.23076923191547394
0.3333333432674408 0.28205129504203796 -0.1794871836900711
0.3333333432674408 0.28205129504203796 -0.12820513546466827
0.3333333432674408 0.28205129504203796 -0.07692307978868484
0.3333333432674408 0.28205129504203796 -0.025641025975346565
0.3333333432674408 0.28205129504203796 0.025641025975346565
0.3333333432674408 0.28205129504203796 0.07692307978868484
0.3333333432674408 0.28205129504203796 0.12820513546466827
0.3333333432674408 0.28205129504203796 0.1794871836900711
0.3333333432674408 0.28205129504203796 0.23076923191547394
0.3333333432674408 0.28205129504203796 0.28205129504203796
0.3333333432674408 0.28205129504203796 0.3333333432674408
0.3333333432674408 0.3333333432674408 -0.3333333432674408
0.3333333432674408 0.3333333432674408 -0.28205129504203796
0.3333333432674408 0.3333333432674408 -0.23076923191547394
0.3333333432674408 0.3333333432674408 -0.1794871836900711
0.3333333432674408 0.3333333432674408 -0.12820513546466827
0.3333333432674408 0.3333333432674408 -0.07692307978868484
0.3333333432674408 0.3333333432674408 -0.025641025975346565
0.3333333432674408 0.3333333432674408 0.025641025975346565
0.3333333432674408 0.3333333432674408 0.07692307978868484
0.3333333432674408 0.3333333432674408 0.12820513546466827
0.3333333432674408 0.3333333432674408 0.1794871836900711
0.3333333432674408 0.3333333432674408 0.23076923191547394
0.3333333432674408 0.3333333432674408 0.28205129504203796
0.3333333432674408 0.3333333432674408 0.3333333432674408
0.3333333432674408 0.3333333432674408 0.38461539149284363
0.3333333432674408 0.38461539149284363 -0.38461539149284363
0.3333333432674408 0.38461539149284363 -0.3333333432674408
0.3333333432674408 0.38461539149284363 -0.28205129504203796
0.3333333432674408 0.38461539149284363 -0.23076923191547394
0.3333333432674408 0.38461539149284363 -0.1794871836900711
0.3333333432674408 0.38461539149284363 -0.12820513546466827
0.3333333432674408 0.38461539149284363 -0.07692307978868484
0.3333333432674408 0.38461539149284363 -0.025641025975346565
0.3333333432674408 0.38461539149284363 0.025641025975346565
0.3333333432674408 0.38461539149284363 0.07692307978868484
0.3333333432674408 0.38461539149284363 0.12820513546466827
0.3333333432674408 0.38461539149284363 0.1794871836900711
0.3333333432674408 0.38461539149284363 0.23076923191547394
0.3333333432674408 0.38461539149284363 0.28205129504203796
0.3333333432674408 0.38461539149284363 0.3333333432674408
0.3333333432674408 0.38461539149284363 0.38461539149284363
0.3333333432674408 0.43589743971824646 -0.38461539149284363
0.3333333432674408 0.43589743971824646 -0.3333333432674408
0.3333333432674408 0.43589743971824646 -0.28205129504203796
0.3333333432674408 0.43589743971824646 -0.23076923191547394
0.3333333432674408 0.43589743971824646 -0.1794871836900711
0.3333333432674408 0.43589743971824646 -0.12820513546466827
0.3333333432674408 0.43589743971824646 -0.07692307978868484
0.3333333432674408 0.43589743971824646 -0.025641025975346565
0.3333333432674408 0.43589743971824646 0.025641025975346565
0.3333333432674408 0.43589743971824646 0.07692307978868484
0.3333333432674408 0.43589743971824646 0.12820513546466827
0.3333333432674408 0.43589743971824646 0.1794871836900711
0.3333333432674408 0.43589743971824646 0.23076923191547394
0.3333333432674408 0.43589743971824646 0.28205129504203796
0.3333333432674408 0.43589743971824646 0.3333333432674408
0.3333333432674408 0.43589743971824646 0.38461539149284363
0.3333333432674408 0.43589743971824646 0.43589743971824646
0.3333333432674408 0.4871794879436493 -0.43589743971824646
0.3333333432674408 0.4871794879436493 -0.38461539149284363
0.3333333432674408 0.4871794879436493 -0.3333333432674408
0.3333333432674408 0.4871794879436493 -0.28205129504203796
0.3333333432674408 0.4871794879436493 -0.23076923191547394
0.3333333432674408 0.4871794879436493 -0.1794871836900711
0.3333333432674408 0.4871794879436493 -0.12820513546466827
0.3333333432674408 0.4871794879436493 -0.07692307978868484
0.3333333432674408 0.4871794879436493 -0.025641025975346565
0.3333333432674408 0.4871794879436493 0.025641025975346565
0.3333333432674408 0.4871794879436493 0.07692307978868484
0.3333333432674408 0.4871794879436493 0.12820513546466827
0.3333333432674408 0.4871794879436493 0.1794871836900711
0.3333333432674408 0.4871794879436493 0.23076923191547394
0.3333333432674408 0.4871794879436493 0.28205129504203796
0.3333333432674408 0.4871794879436493 0.3333333432674408
0.3333333432674408 0.4871794879436493 0.38461539149284363
0.3333333432674408 0.4871794879436493 0.43589743971824646
0.3333333432674408 0.5384615659713745 -0.43589743971824646
0.3333333432674408 0.5384615659713745 -0.38461539149284363
0.3333333432674408 0.5384615659713745 -0.3333333432674408
0.3333333432674408 0.5384615659713745 -0.28205129504203796
0.3333333432674408 0.5384615659713745 -0.23076923191547394
0.3333333432674408 0.5384615659713745 -0.1794871836900711
0.3333333432674408 0.5384615659713745 -0.12820513546466827
0.3333333432674408 0.5384615659713745 -0.07692307978868484
0.3333333432674408 0.5384615659713745 -0.025641025975346565
0.3333333432674408 0.5384615659713745 0.025641025975346565
0.3333333432674408 0.5384615659713745 0.07692307978868484
0.3333333432674408 0.5384615659713745 0.12820513546466827
0.3333333432674408 0.5384615659713745 0.1794871836900711
0.3333333432674408 0.5384615659713745 0.23076923191547394
0.3333333432674408 0.5384615659713745 0.28205129504203796
0.3333333432674408 0.5384615659713745 0.3333333432674408
0.3333333432674408 0.5384615659713745 0.38461539149284363
0.3333333432674408 0.5384615659713745 0.43589743971824646
0.3333333432674408 0.5897436141967773 -0.1794871836900711
0.3333333432674408 0.5897436141967773 -0.12820513546466827
0.3333333432674408 0.5897436141967773 -0.07692307978868484
0.3333333432674408 0.5897436141967773 -0.025641025975346565
0.3333333432674408 0.5897436141967773 0.025641025975346565
0.3333333432674408 0.5897436141967773 0.07692307978868484
0.3333333432674408 0.5897436141967773 0.12820513546466827
0.3333333432674408 0.5897436141967773 0.1794871836900711
0.38461539149284363 0.28205129504203796 -0.28205129504203796
0.38461539149284363 0.28205129504203796 -0.23076923191547394
0.38461539149284363 0.28205129504203796 -0.1794871836900711
0.38461539149284363 0.28205129504203796 -0.12820513546466827
0.38461539149284363 0.28205129504203796 -0.07692307978868484
0.38461539149284363 0.28205129504203796 -0.025641025975346565
0.38461539149284363 0.28205129504203796 0.025641025975346565
0.38461539149284363 0.28205129504203796 0.07692307978868484
0.38461539149284363 0.3333333432674408 -0.3333333432674408
0.38461539149284363 0.3333333432674408 -0.28205129504203796
0.38461539149284363 0.3333333432674408 -0.23076923191547394
0.38461539149284363 0.3333333432674408 -0.1794871836900711
0.38461539149284363 0.3333333432674408 -0.12820513546466827
0.38461539149284363 0.3333333432674408 -0.07692307978868484
0.38461539149284363 0.3333333432674408 -0.025641025975346565
0.38461539149284363 0.3333333432674408 0.025641025975346565
0.38461539149284363 0.3333333432674408 0.07692307978868484
0.38461539149284363 0.3333333432674408 0.12820513546466827
0.38461539149284363 0.3333333432674408 0.1794871836900711
0.38461539149284363 0.3333333432674408 0.23076923191547394
0.38461539149284363 0.3333333432674408 0.28205129504203796
0.38461539149284363 0.38461539149284363 -0.38461539149284363
0.38461539149284363 0.38461539149284363 -0.3333333432674408
0.38461539149284363 0.38461539149284363 -0.28205129504203796
0.38461539149284363 0.38461539149284363 -0.23076923191547394
0.38461539149284363 0.38461539149284363 -0.1794871836900711
0.38461539149284363 0.38461539149284363 -0.12820513546466827
0.38461539149284363 0.38461539149284363 -0.07692307978868484
0.38461539149284363 0.38461539149284363 -0.025641025975346565
0.38461539149284363 0.38461539149284363 0.025641025975346565
0.38461539149284363 0.38461539149284363 0.07692307978868484
0.38461539149284363 0.38461539149284363 0.12820513546466827
0.38461539149284363 0.38461539149284363 0.1794871836900711
0.38461539149284363 0.38461539149284363 0.23076923191547394
0.38461539149284363 0.38461539149284363 0.28205129504203796
0.38461539149284363 0.38461539149284363 0.3333333432674408
0.38461539149284363 0.38461539149284363 0.38461539149284363
0.38461539149284363 0.43589743971824646 -0.38461539149284363
0.38461539149284363 0.43589743971824646 -0.3333333432674408
0.38461539149284363 0.43589743971824646 -0.28205129504203796
0.38461539149284363 0.43589743971824646 -0.23076923191547394
0.38461539149284363 0.43589743971824646 -0.1794871836900711
0.38461539149284363 0.43589743971824646 -0.12820513546466827
0.38461539149284363 0.43589743971824646 -0.07692307978868484
0.38461539149284363 0.43589743971824646 -0.025641025975346565
0.38461539149284363 0.43589743971824646 0.025641025975346565
0.38461539149284363 0.43589743971824646 0.07692307978868484
0.38461539149284363 0.43589743971824646 0.12820513546466827
0.38461539149284363 0.43589743971824646 0.1794871836900711
0.38461539149284363 0.43589743971824646 0.23076923191547394
0.38461539149284363 0.43589743971824646 0.28205129504203796
0.38461539149284363 0.43589743971824646 0.3333333432674408
0.38461539149284363 0.43589743971824646 0.38461539149284363
0.38461539149284363 0.43589743971824646 0.43589743971824646
0.38461539149284363 0.4871794879436493 -0.43589743971824646
0.38461539149284363 0.4871794879436493 -0.38461539149284363
0.38461539149284363 0.4871794879436493 -0.3333333432674408
0.38461539149284363 0.4871794879436493 -0.28205129504203796
0.38461539149284363 0.4871794879436493 -0.23076923191547394
0.38461539149284363 0.4871794879436493 -0.1794871836900711
0.38461539149284363 0.4871794879436493 -0.12820513546466827
0.38461539149284363 0.4871794879436493 -0.07692307978868484
0.38461539149284363 0.4871794879436493 -0.025641025975346565
0.38461539149284363 0.4871794879436493 0.025641025975346565
0.38461539149284363 0.4871794879436493 0.07692307978868484
0.38461539149284363 0.4871794879436493 0.12820513546466827
0.38461539149284363 0.4871794879436493 0.1794871836900711
0.38461539149284363 0.4871794879436493 0.23076923191547394
0.38461539149284363 0.4871794879436493 0.28205129504203796
0.38461539149284363 0.4871794879436493 0.3333333432674408
0.38461539149284363 0.4871794879436493 0.38461539149284363
0.38461539149284363 0.4871794879436493 0.43589743971824646
0.38461539149284363 0.5384615659713745 -0.38461539149284363
0.38461539149284363 0.5384615659713745 -0.3333333432674408
0.38461539149284363 0.5384615659713745 -0.28205129504203796
0.38461539149284363 0.5384615659713745 -0.23076923191547394
0.38461539149284363 0.5384615659713745 -0.1794871836900711
0.38461539149284363 0.5384615659713745 -0.12820513546466827
0.38461539149284363 0.5384615659713745 -0.07692307978868484
0.38461539149284363 0.5384615659713745 -0.025641025975346565
0.38461539149284363 0.5384615659713745 0.025641025975346565
0.38461539149284363 0.5384615659713745 0.07692307978868484
0.38461539149284363 0.5384615659713745 0.12820513546466827
0.38461539149284363 0.5384615659713745 0.1794871836900711
0.38461539149284363 0.5384615659713745 0.23076923191547394
0.38461539149284363 0.5384615659713745 0.28205129504203796
0.38461539149284363 0.5384615659713745 0.3333333432674408
0.38461539149284363 0.5384615659713745 0.38461539149284363
0.43589743971824646 0.38461539149284363 -0.23076923191547394
0.43589743971824646 0.38461539149284363 -0.1794871836900711
0.43589743971824646 0.38461539149284363 -0.12820513546466827
0.43589743971824646 0.38461539149284363 -0.07692307978868484
0.43589743971824646 0.38461539149284363 -0.025641025975346565
0.43589743971824646 0.38461539149284363 0.025641025975346565
0.43589743971824646 0.43589743971824646 -0.38461539149284363
0.43589743971824646 0.43589743971824646 -0.3333333432674408
0.43589743971824646 0.43589743971824646 -0.28205129504203796
0.43589743971824646 0.43589743971824646 -0.23076923191547394
0.43589743971824646 0.43589743971824646 -0.1794871836900711
0.43589743971824646 0.43589743971824646 -0.12820513546466827
0.43589743971824646 0.43589743971824646 -0.07692307978868484
0.43589743971824646 0.43589743971824646 -0.025641025975346565
0.43589743971824646 0.43589743971824646 0.025641025975346565
0.43589743971824646 0.43589743971824646 0.07692307978868484
0.43589743971824646 0.43589743971824646 0.12820513546466827
0.43589743971824646 0.43589743971824646 0.1794871836900711
0.43589743971824646 0.43589743971824646 0.23076923191547394
0.43589743971824646 0.43589743971824646 0.28205129504203796
0.43589743971824646 0.43589743971824646 0.3333333432674408
0.43589743971824646 0.4871794879436493 -0.43589743971824646
0.43589743971824646 0.4871794879436493 -0.38461539149284363
0.43589743971824646 0.4871794879436493 -0.3333333432674408
0.43589743971824646 0.4871794879436493 -0.28205129504203796
0.43589743971824646 0.4871794879436493 -0.23076923191547394
0.43589743971824646 0.4871794879436493 -0.1794871836900711
0.43589743971824646 0.4871794879436493 -0.12820513546466827
0.43589743971824646 0.4871794879436493 -0.07692307978868484
0.43589743971824646 0.4871794879436493 -0.025641025975346565
0.43589743971824646 0.4871794879436493 0.025641025975346565
0.43589743971824646 0.4871794879436493 0.07692307978868484
0.43589743971824646 0.4871794879436493 0.12820513546466827
0.43589743971824646 0.4871794879436493 0.1794871836900711
0.43589743971824646 0.4871794879436493 0.23076923191547394
0.43589743971824646 0.4871794879436493 0.28205129504203796
0.43589743971824646 0.4871794879436493 0.3333333432674408
0.43589743971824646 0.4871794879436493 0.38461539149284363
0.43589743971824646 0.4871794879436493 0.43589743971824646
0.43589743971824646 0.5384615659713745 -0.3333333432674408
0.43589743971824646 0.5384615659713745 -0.28205129504203796
0.43589743971824646 0.5384615659713745 -0.23076923191547394
0.43589743971824646 0.5384615659713745 -0.1794871836900711
0.43589743971824646 0.5384615659713745 -0.12820513546466827
0.43589743971824646 0.5384615659713745 -0.07692307978868484
0.43589743971824646 0.5384615659713745 -0.025641025975346565
0.43589743971824646 0.5384615659713745 0.025641025975346565
0.43589743971824646 0.5384615659713745 0.07692307978868484
0.43589743971824646 0.5384615659713745 0.12820513546466827
0.43589743971824646 0.5384615659713745 0.1794871836900711
0.43589743971824646 0.5384615659713745 0.23076923191547394
0.43589743971824646 0.5384615659713745 0.28205129504203796
0.43589743971824646 0.5384615659713745 0.3333333432674408
0.4871794879436493 0.4871794879436493 -0.28205129504203796
0.4871794879436493 0.4871794879436493 -0.23076923191547394
0.4871794879436493 0.4871794879436493 -0.1794871836900711
0.4871794879436493 0.4871794879436493 -0.12820513546466827
0.4871794879436493 0.4871794879436493 -0.07692307978868484
0.4871794879436493 0.4871794879436493 -0.025641025975346565
0.4871794879436493 0.4871794879436493 0.025641025975346565
0.4871794879436493 0.4871794879436493 0.07692307978868484
0.4871794879436493 0.5384615659713745 -0.28205129504203796
0.4871794879436493 0.5384615659713745 -0.23076923191547394
0.4871794879436493 0.5384615659713745 -0.1794871836900711
0.4871794879436493 0.5384615659713745 -0.12820513546466827
0.4871794879436493 0.5384615659713745 -0.07692307978868484
0.4871794879436493 0.5384615659713745 -0.025641025975346565
0.4871794879436493 0.5384615659713745 0.025641025975346565
0.4871794879436493 0.5384615659713745 0.07692307978868484
0.4871794879436493 0.5384615659713745 0.12820513546466827
0.4871794879436493 0.5384615659713745 0.1794871836900711
0.4871794879436493 0.5384615659713745 0.23076923191547394
0.4871794879436493 0.5384615659713745 0.28205129504203796
